link,link-href,linked,linked-href,pagination,pagination-href
"","","X2 Couples Wristband Heart Rate Monitor Smart Watches Blood Pressure Monitor Smart Band Bluetooth IP68 Water Proof Swim Bracelet Fitness Tracker","https://www.lazada.com.my/x2-couples-wristband-heart-rate-monitor-smart-watches-blood-pressure-monitor-smart-band-bluetooth-ip68-water-proof-swim-bracelet-fitness-tracker-52898696.html?ff=1&sc=Eeog","4","https://www.lazada.com.my/wearable-technology/?page=4&sc=Eeog&searchredirect=Wearable+Technology"
"","","MAXGear I5 Plus Waterproof IP65 Bluetooth 4.0 Health Sport Fitness Smart Watch Wristband Android IOS - Black","https://www.lazada.com.my/maxgear-i5-plus-waterproof-ip65-bluetooth-40-health-sport-fitness-smart-watch-wristband-android-ios-black-12305697.html?ff=1&sc=Eeog","2","https://www.lazada.com.my/wearable-technology/?page=2&sc=Eeog&searchredirect=Wearable+Technology"
"","","11 Colors Wrist Strap for Xiao Mi Band 2 Tracker Silicone","https://www.lazada.com.my/11-colors-wrist-strap-for-xiao-mi-band-2-tracker-silicone-14968340.html?ff=1&sc=Eeog","4","https://www.lazada.com.my/wearable-technology/?page=4&sc=Eeog&searchredirect=Wearable+Technology"
"","","Q18 Smart watch with Touch Screen camera Support SIM TF card
Bluetooth smartwatch for Android IOS Phone","https://www.lazada.com.my/q18-smart-watch-with-touch-screen-camera-support-sim-tf-cardbluetooth-smartwatch-for-android-ios-phone-35294075.html?ff=1&sc=Eeog","3","https://www.lazada.com.my/wearable-technology/?page=3&sc=Eeog&searchredirect=Wearable+Technology"
"","","Mi Band 2 (1 Year Official Warranty)","https://www.lazada.com.my/mi-band-2-1-year-official-warranty-16320193.html?ff=1&sc=Eeog","",""
"","","EsoGoal Fitness Tracker Smart Bracelet Bluetooth Heart Rate Monitor Activity Watch Wristband Pedometer Sleep Bracelet Calories Track Step Health Band IP 57 Waterproof Smart Watch for iPhone & Android phones","https://www.lazada.com.my/esogoal-fitness-tracker-smart-bracelet-bluetooth-heart-rate-monitor-activity-watch-wristband-pedometer-sleep-bracelet-calories-track-step-health-band-ip-57-waterproof-smart-watch-for-iphone-amp-android-phones-56169624.html?ff=1&sc=Eeog","1","https://www.lazada.com.my/wearable-technology/?sc=Eeog&searchredirect=Wearable+Technology"
"","","Smart Bluetooth A1 Smart Watch with Sport Pedometer Camera SIM
micro SD Memory Connectivity with iPhone Android Phone MG0053
(Black/Black) (Free 2pcs Li-ion Battery for Smartwatch A1 DZ09 W8
V8)","https://www.lazada.com.my/smart-bluetooth-a1-smart-watch-with-sport-pedometer-camera-simmicro-sd-memory-connectivity-with-iphone-android-phone-mg0053blackblack-free-2pcs-li-ion-battery-for-smartwatch-a1-dz09-w8v8-35590802.html?ff=1&sc=Eeog","4","https://www.lazada.com.my/wearable-technology/?page=4&sc=Eeog&searchredirect=Wearable+Technology"
"","","The latest R3 smart bracelet IP67 waterproof Bluetooth 4.0 health brake call SMS alarm smart bracelet Android IOS","https://www.lazada.com.my/the-latest-r3-smart-bracelet-ip67-waterproof-bluetooth-40-health-brake-call-sms-alarm-smart-bracelet-android-ios-80015514.html?ff=1&sc=Eeog","4","https://www.lazada.com.my/wearable-technology/?page=4&sc=Eeog&searchredirect=Wearable+Technology"
"","","Smart Bracelet M2 Heart Rate Monitor Bluetooth Smartband Health Fitness Tracker Smart Band OLED Screen IP67 Waterproof Wristband for all Android iOS Phone","https://www.lazada.com.my/smart-bracelet-m2-heart-rate-monitor-bluetooth-smartband-health-fitness-tracker-smart-band-oled-screen-ip67-waterproof-wristband-for-all-android-ios-phone-47658444.html?ff=1&sc=Eeog","2","https://www.lazada.com.my/wearable-technology/?page=2&sc=Eeog&searchredirect=Wearable+Technology"
"","","Original Xiaomi Mi Band 2 Screen Protector ONLY Heart Rate Monitor
Smart Wristband With OLED Display Android IOS","https://www.lazada.com.my/original-xiaomi-mi-band-2-screen-protector-only-heart-rate-monitorsmart-wristband-with-oled-display-android-ios-69303130.html?ff=1&sc=Eeog","5","https://www.lazada.com.my/wearable-technology/?page=5&sc=Eeog&searchredirect=Wearable+Technology"
"","","Fashion Silicone Diamond Style Replacement Wristband Strap Bracelet Smart Band Accessories for Xiaomi Mi Band 2 Black","https://www.lazada.com.my/fashion-silicone-diamond-style-replacement-wristband-strap-bracelet-smart-band-accessories-for-xiaomi-mi-band-2-black-92607272.html?ff=1&sc=Eeog","5","https://www.lazada.com.my/wearable-technology/?page=5&sc=Eeog&searchredirect=Wearable+Technology"
"","","DZ09 Smart Watch Bluetooth TouchScreenforAndroidandiOS(SilverBlack)","https://www.lazada.com.my/dz09-smart-watch-bluetooth-touchscreenforandroidandiossilverblack-11006289.html?ff=1&sc=Eeog","",""
"","","1 Pcs Silicone Wrist Blet Strap Wristband Bracelet Accessories for
Mi Band 2 Fitness Tracker","https://www.lazada.com.my/1-pcs-silicone-wrist-blet-strap-wristband-bracelet-accessories-formi-band-2-fitness-tracker-88980118.html?ff=1&sc=Eeog","5","https://www.lazada.com.my/wearable-technology/?page=5&sc=Eeog&searchredirect=Wearable+Technology"
"","","LEJI Mini VR 3D Headset Virtual Reality Glasses Blue","https://www.lazada.com.my/leji-mini-vr-3d-headset-virtual-reality-glasses-blue-12335196.html?ff=1&sc=Eeog","100","https://www.lazada.com.my/wearable-technology/?page=100&sc=Eeog&searchredirect=Wearable+Technology"
"","","Y2 Plus Wristband Blood Pressure Blood Oxygen Monitor Smart Watch
Heart Rate Monitor Smart Band IP67 Waterproof Fitness Tracker
Bracelet","https://www.lazada.com.my/y2-plus-wristband-blood-pressure-blood-oxygen-monitor-smart-watchheart-rate-monitor-smart-band-ip67-waterproof-fitness-trackerbracelet-29020032.html?ff=1&sc=Eeog","2","https://www.lazada.com.my/wearable-technology/?page=2&sc=Eeog&searchredirect=Wearable+Technology"
"","","Fitbit Charge 2 Heart Rate + Activity Tracker, Large 16.5 cm - 20.6 - Blue","https://www.lazada.com.my/fitbit-charge-2-heart-rate-fitness-wristband-large-blue-fb407sbul-19211863.html?ff=1&sc=Eeog","2","https://www.lazada.com.my/wearable-technology/?page=2&sc=Eeog&searchredirect=Wearable+Technology"
"","","Silicone Watch Band Strap for Garmin Forerunner 220 230 235 620 630
735 GPS Watch","https://www.lazada.com.my/silicone-watch-band-strap-for-garmin-forerunner-220-230-235-620-630735-gps-watch-86514213.html?ff=1&sc=Eeog","4","https://www.lazada.com.my/wearable-technology/?page=4&sc=Eeog&searchredirect=Wearable+Technology"
"","","Huawei Honor Band SS with Touch Feel Function 395mm (Brown)","https://www.lazada.com.my/huawei-honor-band-ss-with-touch-feel-function-395mm-brown-35883634.html?ff=1&sc=Eeog","",""
"","","Original Xiaomi Mi Band 2 Miband 2 Silicone Wrist Watch Strap -
Black","https://www.lazada.com.my/original-xiaomi-mi-band-2-miband-2-silicone-wrist-watch-strap-black-29099331.html?ff=1&sc=Eeog","4","https://www.lazada.com.my/wearable-technology/?page=4&sc=Eeog&searchredirect=Wearable+Technology"
"","","VR Box II 2nd Generation Virtual Reality 3D Glasses Headset VRBOX Gear Version 2 VR Box 2 with Remote Controller","https://www.lazada.com.my/vr-box-ii-2nd-generation-virtual-reality-3d-glasses-headset-vrbox-gear-version-2-vr-box-2-with-remote-controller-11613991.html?ff=1&sc=Eeog","3","https://www.lazada.com.my/wearable-technology/?page=3&sc=Eeog&searchredirect=Wearable+Technology"
"","","MagicWorldMall 38 Degree Health Bluetooth Data Smart Bracelet Dynamic Heart Rate Blood Pressure Monitor Smart Watch Blue","https://www.lazada.com.my/magicworldmall-38-degree-health-bluetooth-data-smart-bracelet-dynamic-heart-rate-blood-pressure-monitor-smart-watch-blue-94952457.html?ff=1&sc=Eeog","3","https://www.lazada.com.my/wearable-technology/?page=3&sc=Eeog&searchredirect=Wearable+Technology"
"","","New Smart Bluetooth Anti lost alarm Tracker GPS Locator kids Wallet
Key Pet Dog (Black)","https://www.lazada.com.my/new-smart-bluetooth-anti-lost-alarm-tracker-gps-locator-kids-walletkey-pet-dog-black-18186154.html?ff=1&sc=Eeog","5","https://www.lazada.com.my/wearable-technology/?page=5&sc=Eeog&searchredirect=Wearable+Technology"
"","","10 pcs Silicone Replacement Watchband Watch Band Strap for Xiaomi Mi Band 2 Smart Bracelet","https://www.lazada.com.my/10-pcs-silicone-replacement-watchband-watch-band-strap-for-xiaomi-mi-band-2-smart-bracelet-14662405.html?ff=1&sc=Eeog","1","https://www.lazada.com.my/wearable-technology/?sc=Eeog&searchredirect=Wearable+Technology"
"","","VRBOX 2.0 Version VR Virtual Reality Glasses for 3.5"" - 6.0""Smart
Phone + Bluetooh Remote Controller B with Retail box","https://www.lazada.com.my/vrbox-20-version-vr-virtual-reality-glasses-for-35-60smartphone-bluetooh-remote-controller-b-with-retail-box-15021015.html?ff=1&sc=Eeog","5","https://www.lazada.com.my/wearable-technology/?page=5&sc=Eeog&searchredirect=Wearable+Technology"
"","","BlitzWolf? BW-VR3 3D VR Glasses Virtual Reality Headset For 3.5-6.3
inch Mobile Phone","https://www.lazada.com.my/blitzwolf-bw-vr3-3d-vr-glasses-virtual-reality-headset-for-35-63inch-mobile-phone-17560329.html?ff=1&sc=Eeog","3","https://www.lazada.com.my/wearable-technology/?page=3&sc=Eeog&searchredirect=Wearable+Technology"
"","","DZ09 Bluetooth Smart Watch For Android And IOS (Best Offer)","https://www.lazada.com.my/dz09-bluetooth-smart-watch-for-android-and-ios-best-offer-67739159.html?ff=1&sc=Eeog","2","https://www.lazada.com.my/wearable-technology/?page=2&sc=Eeog&searchredirect=Wearable+Technology"
"","","Iwatch Smart Bracelet (Black)","https://www.lazada.com.my/iwatch-smart-bracelet-black-9479779.html?ff=1&sc=Eeog","1","https://www.lazada.com.my/wearable-technology/?sc=Eeog&searchredirect=Wearable+Technology"
"","","Fitbit Flex 2 Activity Tracker, 2 sizes in box – Magenta","https://www.lazada.com.my/fitbit-flex-2-activity-tracker-2-sizes-in-box-magenta-101905472.html?ff=1&sc=Eeog","4","https://www.lazada.com.my/wearable-technology/?page=4&sc=Eeog&searchredirect=Wearable+Technology"
"","","Xiaomi Mi Band 2 Smart Bluetooth Wristband (Black)","https://www.lazada.com.my/xiaomi-mi-band-2-smart-bluetooth-wristband-black-11045115.html?ff=1&sc=Eeog","",""
"","","JvGood Bluetooth Smart Watch Touch Screen SmartWatch Wrist Watch Support SIM TF Card with Camera for IOS and Android Smartphones(Black)","https://www.lazada.com.my/jvgood-bluetooth-smart-watch-touch-screen-smartwatch-wrist-watch-support-sim-tf-card-with-camera-for-ios-and-android-smartphonesblack-85264536.html?ff=1&sc=Eeog","1","https://www.lazada.com.my/wearable-technology/?sc=Eeog&searchredirect=Wearable+Technology"
"","","Xiaomi Huami AMAZFIT Bluetooth GPS IP67 Waterproof Sports Smart Watch (Black)","https://www.lazada.com.my/xiaomi-huami-amazfit-bluetooth-gps-ip67-waterproof-sports-smart-watch-black-95795675.html?ff=1&sc=Eeog","",""
"","","Fossil Q Marshal Gen 2 Touchscreen Brown Leather Smartwatch","https://www.lazada.com.my/fossil-q-marshal-gen-2-touchscreen-brown-leather-smartwatch-108029986.html?ff=1&sc=Eeog","100","https://www.lazada.com.my/wearable-technology/?page=100&sc=Eeog&searchredirect=Wearable+Technology"
"","","Bluetooth Smart Watch SmartWatch with Camera for Iphone and Android Smartphones(Gold)","https://www.lazada.com.my/bluetooth-smart-watch-smartwatch-with-camera-for-iphone-and-android-smartphonesgold-110980024.html?ff=1&sc=Eeog","100","https://www.lazada.com.my/wearable-technology/?page=100&sc=Eeog&searchredirect=Wearable+Technology"
"","","Z60 Smart Watch Phone 2G Internet Bluetooth Wearable Devices
Support SIM TF Card Camera SmartWatch for Apple Android","https://www.lazada.com.my/z60-smart-watch-phone-2g-internet-bluetooth-wearable-devicessupport-sim-tf-card-camera-smartwatch-for-apple-android-47650756.html?ff=1&sc=Eeog","3","https://www.lazada.com.my/wearable-technology/?page=3&sc=Eeog&searchredirect=Wearable+Technology"
"","","Mi Band 2 OLED Display Touchpad 4.0 Smartband(Black)","https://www.lazada.com.my/mi-band-2-oled-display-touchpad-40-smartbandblack-98834389.html?ff=1&sc=Eeog","1","https://www.lazada.com.my/wearable-technology/?sc=Eeog&searchredirect=Wearable+Technology"
"","","Iwatch Smart Bracelet (Black)","https://www.lazada.com.my/iwatch-smart-bracelet-black-9479779.html?ff=1&sc=Eeog","",""
"","","DZ09 Smart Watch Bluetooth Touch Screen for Android and iOS+8GB
Memory Card+Free Gift","https://www.lazada.com.my/dz09-smart-watch-bluetooth-touch-screen-for-android-and-ios8gbmemory-cardfree-gift-16176537.html?ff=1&sc=Eeog","3","https://www.lazada.com.my/wearable-technology/?page=3&sc=Eeog&searchredirect=Wearable+Technology"
"","","VR BOX Virtual Reality Movies Games 3D Glasses for Smart Phone","https://www.lazada.com.my/vr-box-virtual-reality-movies-games-3d-glasses-for-smart-phone-11162659.html?ff=1&sc=Eeog","1","https://www.lazada.com.my/wearable-technology/?sc=Eeog&searchredirect=Wearable+Technology"
"","","ORIGINAL Xiaomi Mi VR box 3D Virtual Reality Glasses apply to
4.7~5.7 Smartphone","https://www.lazada.com.my/original-xiaomi-mi-vr-box-3d-virtual-reality-glasses-apply-to4757-smartphone-17186877.html?ff=1&sc=Eeog","3","https://www.lazada.com.my/wearable-technology/?page=3&sc=Eeog&searchredirect=Wearable+Technology"
"","","Xiaomi Mi Band 2 Smart Bluetooth Wristband+Replacement Strip（Bundle）","https://www.lazada.com.my/xiaomi-mi-band-2-smart-bluetooth-wristbandreplacement-stripbundle-50110029.html?ff=1&sc=Eeog","3","https://www.lazada.com.my/wearable-technology/?page=3&sc=Eeog&searchredirect=Wearable+Technology"
"","","GOLiFE GoWatch XPRO (Carbon Steel) GPS Activity Tracker Smart Sports Watch","https://www.lazada.com.my/golife-gowatch-xpro-carbon-steel-gps-activity-tracker-smart-sports-watch-18653134.html?ff=1&sc=Eeog","2","https://www.lazada.com.my/wearable-technology/?page=2&sc=Eeog&searchredirect=Wearable+Technology"
"","","NUTMINI SMART TRACKER","https://www.lazada.com.my/nutmini-smart-tracker-64356808.html?ff=1&sc=Eeog","5","https://www.lazada.com.my/wearable-technology/?page=5&sc=Eeog&searchredirect=Wearable+Technology"
"","","For Garmin vivosmart HR+ Band, Soft Adjustable Silicone Replacement Bracelet Wristband Accessory for Vivosmart HR plus (Midnight blue)","https://www.lazada.com.my/for-garmin-vivosmart-hr-band-soft-adjustable-silicone-replacement-bracelet-wristband-accessory-for-vivosmart-hr-plus-midnight-blue-108268983.html?ff=1&sc=Eeog","100","https://www.lazada.com.my/wearable-technology/?page=100&sc=Eeog&searchredirect=Wearable+Technology"
"","","LEMFO LEM5 Pro Smart Watch For Android 5.1 Bluetooth Wrist Watch Pedometer","https://www.lazada.com.my/lemfo-lem5-pro-smart-watch-for-android-51-bluetooth-wrist-watch-pedometer-109615687.html?ff=1&sc=Eeog","100","https://www.lazada.com.my/wearable-technology/?page=100&sc=Eeog&searchredirect=Wearable+Technology"
"","","VR Box 2.0 Virtual Reality 3D Glasses Goggles","https://www.lazada.com.my/vr-box-20-virtual-reality-3d-glasses-goggles-13903117.html?ff=1&sc=Eeog","3","https://www.lazada.com.my/wearable-technology/?page=3&sc=Eeog&searchredirect=Wearable+Technology"
"","","Original Sport Watch Full Screen Smart Watch V8 For Android Match
Smartphone Support TF SIM Card Bluetooth Smartwatch PK GT08 U8","https://www.lazada.com.my/bluetooth-smart-wrist-watch-sim-phone-mate-for-ios-androidsmartphone-red-49084422.html?ff=1&sc=Eeog","1","https://www.lazada.com.my/wearable-technology/?sc=Eeog&searchredirect=Wearable+Technology"
"","","Colorful Silicone Wrist Strap Bracelet Replacement watchband for
Miband 2 Xiaomi Mi band 2 strap Wristbands","https://www.lazada.com.my/colorful-silicone-wrist-strap-bracelet-replacement-watchband-formiband-2-xiaomi-mi-band-2-strap-wristbands-23056620.html?ff=1&sc=Eeog","3","https://www.lazada.com.my/wearable-technology/?page=3&sc=Eeog&searchredirect=Wearable+Technology"
"","","XIAOMI Mi Fit Huami Amazfit BIP Smartwatch Band 1.28"" LCD 2.5D Corning Gorilla Glass 3, Fitness Tracker, Bluetooth, GPS + GLONASS, Heart Rate, Barometer, Waterproof IP68, PPG, Smart Watch, Original Imported set, Chinese UI","https://www.lazada.com.my/xiaomi-mi-fit-huami-amazfit-bip-smartwatch-band-12834-lcd-25d-corning-gorilla-glass-3-fitness-tracker-bluetooth-gps-glonass-heart-rate-barometer-waterproof-ip68-ppg-smart-watch-original-imported-set-chinese-ui-65882923.html?ff=1&sc=Eeog","2","https://www.lazada.com.my/wearable-technology/?page=2&sc=Eeog&searchredirect=Wearable+Technology"
"","","Pedometer Fitness Tracker Bracelet Step Counter with Silicone
Watchband(Blue)","https://www.lazada.com.my/pedometer-fitness-tracker-bracelet-step-counter-with-siliconewatchbandblue-59185226.html?ff=1&sc=Eeog","100","https://www.lazada.com.my/wearable-technology/?page=100&sc=Eeog&searchredirect=Wearable+Technology"
"","","Band for Fitbit Charge 2 , Hanlesi Soft TPU Silicone Adjustable
Replacement Sport Strap Band for Fitbit Charge2 Smartwatch Heart
Rate Fitness Wristband","https://www.lazada.com.my/band-for-fitbit-charge-2-hanlesi-soft-tpu-silicone-adjustablereplacement-sport-strap-band-for-fitbit-charge2-smartwatch-heartrate-fitness-wristband-28417515.html?ff=1&sc=Eeog","4","https://www.lazada.com.my/wearable-technology/?page=4&sc=Eeog&searchredirect=Wearable+Technology"
"","","Silicone Watch Bands Strap for Garmin Forerunner 910XT GPS (Black)","https://www.lazada.com.my/silicone-watch-bands-strap-for-garmin-forerunner-910xt-gps-black-27692326.html?ff=1&sc=Eeog","100","https://www.lazada.com.my/wearable-technology/?page=100&sc=Eeog&searchredirect=Wearable+Technology"
"","","Colorful Silicone Wrist Strap Bracelet Replacement watchband for
Miband 2 Xiaomi Mi band 2 strap Wristbands + Free 2 Pieces Screen
Protector - Purple","https://www.lazada.com.my/colorful-silicone-wrist-strap-bracelet-replacement-watchband-formiband-2-xiaomi-mi-band-2-strap-wristbands-free-2-pieces-screenprotector-purple-30360893.html?ff=1&sc=Eeog","",""
"","","MAXGear H3 Plus Heart Rate Pedometer Fitness Tracker Smartband Wristband Smart Watch Black","https://www.lazada.com.my/maxgear-h3-plus-heart-rate-pedometer-fitness-tracker-smartband-wristband-smart-watch-black-16482517.html?ff=1&sc=Eeog","2","https://www.lazada.com.my/wearable-technology/?page=2&sc=Eeog&searchredirect=Wearable+Technology"
"","","10 pcs Silicone Replacement Watchband Watch Band Strap for Xiaomi
Mi Band 2 Smart Bracelet","https://www.lazada.com.my/10-pcs-silicone-replacement-watchband-watch-band-strap-for-xiaomimi-band-2-smart-bracelet-15748789.html?ff=1&sc=Eeog","",""
"","","MAXGear I5 Plus Waterproof IP65 Bluetooth 4.0 Health Sport Fitness Smart Watch Wristband Android IOS - Blue","https://www.lazada.com.my/maxgear-i5-plus-waterproof-ip65-bluetooth-40-health-sport-fitness-smart-watch-wristband-android-ios-blue-12305887.html?ff=1&sc=Eeog","2","https://www.lazada.com.my/wearable-technology/?page=2&sc=Eeog&searchredirect=Wearable+Technology"
"","","V8 Bluetooth Smart Watch with SIM Card Slot Round IPS Camera Smartwatch for IOS and Android PK GT08 DZ09 U8","https://www.lazada.com.my/v8-bluetooth-smart-watch-with-sim-card-slot-round-ips-camera-smartwatch-for-ios-and-android-pk-gt08-dz09-u8-84778864.html?ff=1&sc=Eeog","3","https://www.lazada.com.my/wearable-technology/?page=3&sc=Eeog&searchredirect=Wearable+Technology"
"","","Original Mijobs Metal Strap Band For MiBand 2 Wristbands Stainless
Steel Bracelet For Xiaomi Mi Band 2 Replace For Mi Band 2 – Black","https://www.lazada.com.my/original-mijobs-metal-strap-band-for-miband-2-wristbands-stainlesssteel-bracelet-for-xiaomi-mi-band-2-replace-for-mi-band-2-black-17756179.html?ff=1&sc=Eeog","3","https://www.lazada.com.my/wearable-technology/?page=3&sc=Eeog&searchredirect=Wearable+Technology"
"","","Xiaomi Mi Band 2 Smart Heart Rate OLED Display Clock Bluetooth Smartband Wristband (Black)","https://www.lazada.com.my/xiaomi-miband-2-mi-band-2-smart-heart-rate-oled-display-clock-bluetoothsmartband-wristband-black-12390893.html?ff=1&sc=Eeog","1","https://www.lazada.com.my/wearable-technology/?sc=Eeog&searchredirect=Wearable+Technology"
"","","EsoGoal Bluetooth Digital Smart Watch Mobile Phone Smart Watch Camera GSM SIM Card Wrist Touch Screen Watch for iPhone IOS Samsung Android Smartphones (Gold)","https://www.lazada.com.my/esogoal-bluetooth-digital-smart-watch-mobile-phone-smart-watch-camera-gsm-sim-card-wrist-touch-screen-watch-for-iphone-ios-samsung-android-smartphones-gold-56149913.html?ff=1&sc=Eeog","1","https://www.lazada.com.my/wearable-technology/?sc=Eeog&searchredirect=Wearable+Technology"
"","","Original Xiaomi Mi Band 2 Miband 2 Heart Beat Touch OLED Display (Free Screen Protector)","https://www.lazada.com.my/original-xiaomi-mi-band-2-miband-2-heart-beat-touch-oled-display-free-screen-protector-15309688.html?ff=1&sc=Eeog","3","https://www.lazada.com.my/wearable-technology/?page=3&sc=Eeog&searchredirect=Wearable+Technology"
"","","220V Digital LED Temperature Controller 10A Thermostat Control Switch Probe New","https://www.lazada.com.my/220v-digital-led-temperature-controller-10a-thermostat-control-switch-probe-new-91584513.html?ff=1&sc=Eeog","5","https://www.lazada.com.my/wearable-technology/?page=5&sc=Eeog&searchredirect=Wearable+Technology"
"","","[Bundle + Leather Strap] XIAOMI Mi Band 2 II OLED Display Heart Beat Touch v2 Wristband Smartwatch","https://www.lazada.com.my/bundle-leather-strap-xiaomi-mi-band-2-ii-oled-display-heart-beat-touch-v2-wristband-smartwatch-24945465.html?ff=1&sc=Eeog","3","https://www.lazada.com.my/wearable-technology/?page=3&sc=Eeog&searchredirect=Wearable+Technology"
"","","M2 Wristband Heart Rate Monitor Smart Watch Sports Reminder Smart Band Fitness Tracker Bracelet","https://www.lazada.com.my/m2-wristband-heart-rate-monitor-smart-watch-sports-reminder-smart-band-fitness-tracker-bracelet-53544113.html?ff=1&sc=Eeog","100","https://www.lazada.com.my/wearable-technology/?page=100&sc=Eeog&searchredirect=Wearable+Technology"
"","","Replacement Soft Leather Strap for Samsung Galaxy Gear S3 Classic
SM-R770 S3 Frontier SM-R760 SM-R765 Smart Watch Band","https://www.lazada.com.my/replacement-soft-leather-strap-for-samsung-galaxy-gear-s3-classicsm-r770-s3-frontier-sm-r760-sm-r765-smart-watch-band-63683018.html?ff=1&sc=Eeog","4","https://www.lazada.com.my/wearable-technology/?page=4&sc=Eeog&searchredirect=Wearable+Technology"
"","","100% Original Xiaomi Mi Band 1S Heart Rate Monitor Smart Miband 2
Wristband Bracelet Fitness Wearable Tracker Smartband","https://www.lazada.com.my/100-original-xiaomi-mi-band-1s-heart-rate-monitor-smart-miband-2wristband-bracelet-fitness-wearable-tracker-smartband-20593294.html?ff=1&sc=Eeog","3","https://www.lazada.com.my/wearable-technology/?page=3&sc=Eeog&searchredirect=Wearable+Technology"
"","","DZ09 Smart Watch Bluetooth TouchScreenforAndroidandiOS(SilverBlack)","https://www.lazada.com.my/dz09-smart-watch-bluetooth-touchscreenforandroidandiossilverblack-11006289.html?ff=1&sc=Eeog","1","https://www.lazada.com.my/wearable-technology/?sc=Eeog&searchredirect=Wearable+Technology"
"","","Silicone Watch Band Strap for Garmin Forerunner 220 230 235 620 630
735 GPS Watch","https://www.lazada.com.my/silicone-watch-band-strap-for-garmin-forerunner-220-230-235-620-630735-gps-watch-86598429.html?ff=1&sc=Eeog","3","https://www.lazada.com.my/wearable-technology/?page=3&sc=Eeog&searchredirect=Wearable+Technology"
"","","GOLiFE GoWatch XPRO (Stainless Steel) GPS Activity Tracker Smart Sports Watch","https://www.lazada.com.my/golife-gowatch-xpro-stainless-steel-gps-activity-tracker-smart-sports-watch-18653104.html?ff=1&sc=Eeog","4","https://www.lazada.com.my/wearable-technology/?page=4&sc=Eeog&searchredirect=Wearable+Technology"
"","","Bluetooth Smart Watch Phone Z60 Stainless Steel Support SIM TF Card
Camera Fitness Tracker Smartwatch for IOS Android","https://www.lazada.com.my/bluetooth-smart-watch-phone-z60-stainless-steel-support-sim-tf-cardcamera-fitness-tracker-smartwatch-for-ios-android-47650030.html?ff=1&sc=Eeog","5","https://www.lazada.com.my/wearable-technology/?page=5&sc=Eeog&searchredirect=Wearable+Technology"
"","","New Waterproof Bluetooth Smart Watch Phone Mate For Android IOS
iPhone Samsung","https://www.lazada.com.my/new-waterproof-bluetooth-smart-watch-phone-mate-for-android-iosiphone-samsung-15230492.html?ff=1&sc=Eeog","4","https://www.lazada.com.my/wearable-technology/?page=4&sc=Eeog&searchredirect=Wearable+Technology"
"","","Newest Original Mijobs Colorful Silicone Strap Bracelet Double
Color for Xiaomi Mi Band 2 Replacement Wristband Accessories -
Black with Red and Film","https://www.lazada.com.my/newest-original-mijobs-colorful-silicone-strap-bracelet-doublecolor-for-xiaomi-mi-band-2-replacement-wristband-accessories-black-with-red-and-film-50282870.html?ff=1&sc=Eeog","3","https://www.lazada.com.my/wearable-technology/?page=3&sc=Eeog&searchredirect=Wearable+Technology"
"","","Smart band M2 Bluetooth4.0 Waterproof IP67 Smart Bracelet Heart Rate Monitor Sleep monitor Wristband for Android iOS","https://www.lazada.com.my/smart-band-m2-bluetooth40-waterproof-ip67-smart-bracelet-heart-rate-monitor-sleep-monitor-wristband-for-android-ios-105781967.html?ff=1&sc=Eeog","100","https://www.lazada.com.my/wearable-technology/?page=100&sc=Eeog&searchredirect=Wearable+Technology"
"","","Miimall Genuine Leather Strap Wrist Band Replacement w/ Metal Clasp
Adapter for Apple Watch 42mm Series 1 2 Series 3 (Black)","https://www.lazada.com.my/miimall-genuine-leather-strap-wrist-band-replacement-w-metal-claspadapter-for-apple-watch-42mm-series-1-2-series-3-black-14930126.html?ff=1&sc=Eeog","100","https://www.lazada.com.my/wearable-technology/?page=100&sc=Eeog&searchredirect=Wearable+Technology"
"","","Xiaomi Mi Band 2 Wrist Strap Miband 2 Silicone Strap Bracelet Replaceable Silicone Wrist Strap","https://www.lazada.com.my/xiaomi-mi-band-2-wrist-strap-miband-2-silicone-strap-bracelet-replaceable-silicone-wrist-strap-16967887.html?ff=1&sc=Eeog","100","https://www.lazada.com.my/wearable-technology/?page=100&sc=Eeog&searchredirect=Wearable+Technology"
"","","4 PCS 4 Colors Fashion Colored Woven Nylon Fabric Replacement Wrist
Watch Band Strap Bracelet Belt with Stainless Steel Buckle Clasp
18mm Width","https://www.lazada.com.my/4-pcs-4-colors-fashion-colored-woven-nylon-fabric-replacement-wristwatch-band-strap-bracelet-belt-with-stainless-steel-buckle-clasp18mm-width-74233889.html?ff=1&sc=Eeog","100","https://www.lazada.com.my/wearable-technology/?page=100&sc=Eeog&searchredirect=Wearable+Technology"
"","","Betreasure N108 Bluetooth Smart Wristband Heart Rate Monitor Blood Pressure Oxygen Sensor Fitness Tracker Waterproof Smart Bracelet for iOS Android","https://www.lazada.com.my/betreasure-n108-bluetooth-smart-wristband-heart-rate-monitor-blood-pressure-oxygen-sensor-fitness-tracker-waterproof-smart-bracelet-for-ios-android-36729862.html?ff=1&sc=Eeog","4","https://www.lazada.com.my/wearable-technology/?page=4&sc=Eeog&searchredirect=Wearable+Technology"
"","","Asus ZenWatch 2 WI501Q - Original Malaysia Set (Metal Gold)","https://www.lazada.com.my/asus-zenwatch-2-wi501q-original-malaysia-set-metal-gold-79832929.html?ff=1&sc=Eeog","5","https://www.lazada.com.my/wearable-technology/?page=5&sc=Eeog&searchredirect=Wearable+Technology"
"","","Mijobs Silicone Wrist Strap Bracelet Colorful Replacement
Watchbands For Xiaomi Mi Band 2 Smart Bracelet Miband 2 Wristbands","https://www.lazada.com.my/mijobs-silicone-wrist-strap-bracelet-colorful-replacementwatchbands-for-xiaomi-mi-band-2-smart-bracelet-miband-2-wristbands-28668482.html?ff=1&sc=Eeog","3","https://www.lazada.com.my/wearable-technology/?page=3&sc=Eeog&searchredirect=Wearable+Technology"
"","","Elephone MGCOOL Band 2 Smart Bluetooth Smartband Wristband (Black)","https://www.lazada.com.my/elephone-mgcool-band-2-smart-bluetooth-smartband-wristband-black-54936885.html?ff=1&sc=Eeog","",""
"","","Xiaomi Mi Band 2 Smart Heart Rate OLED Display Clock Bluetooth Smartband Wristband (Black)","https://www.lazada.com.my/xiaomi-miband-2-mi-band-2-smart-heart-rate-oled-display-clock-bluetoothsmartband-wristband-black-12390893.html?ff=1&sc=Eeog","",""
"","","Samsung Gear Fit 2 Pro R365 4GB Large (Black)","https://www.lazada.com.my/samsung-gear-fit-2-pro-r365-4gb-large-black-95237324.html?ff=1&sc=Eeog","2","https://www.lazada.com.my/wearable-technology/?page=2&sc=Eeog&searchredirect=Wearable+Technology"
"","","Samsung Gear VR SM-R323 Blue Black (Compatible Note 7/S7
Edge/S7/Note 5/S6 Edge+/S6 Edge and S6)","https://www.lazada.com.my/samsung-gear-vr-sm-r323-blue-black-compatible-note-7s7edges7note-5s6-edges6-edge-and-s6-14153096.html?ff=1&sc=Eeog","5","https://www.lazada.com.my/wearable-technology/?page=5&sc=Eeog&searchredirect=Wearable+Technology"
"","","3 Pcs Sports Silicone Bracelet Strap Band Small Size
5.1""-7.6""(130mm-193mm) for Fitbit Charge 2 Smart Watch","https://www.lazada.com.my/3-pcs-sports-silicone-bracelet-strap-band-small-size51-76130mm-193mm-for-fitbit-charge-2-smart-watch-22089524.html?ff=1&sc=Eeog","5","https://www.lazada.com.my/wearable-technology/?page=5&sc=Eeog&searchredirect=Wearable+Technology"
"","","TPU Bluetooth Replacement Wrist Band Strap for Xiaomi Band 2 Bracelet Black","https://www.lazada.com.my/tpu-bluetooth-replacement-wrist-band-strap-for-xiaomi-band-2-bracelet-black-54192253.html?ff=1&sc=Eeog","4","https://www.lazada.com.my/wearable-technology/?page=4&sc=Eeog&searchredirect=Wearable+Technology"
"","","10 pcs Silicone Replacement Watchband Watch Band Strap for Xiaomi
Mi Band 2 Smart Bracelet","https://www.lazada.com.my/10-pcs-silicone-replacement-watchband-watch-band-strap-for-xiaomimi-band-2-smart-bracelet-15748789.html?ff=1&sc=Eeog","1","https://www.lazada.com.my/wearable-technology/?sc=Eeog&searchredirect=Wearable+Technology"
"","","DZ09 Bluetooth Digital Smart Watches WristWatch - Black","https://www.lazada.com.my/dz09-bluetooth-digital-smart-watches-wristwatch-black-1803734.html?ff=1&sc=Eeog","",""
"","","JvGood Bluetooth Smart Watch Touch Screen SmartWatch Wrist Watch Support SIM TF Card with Camera for IOS and Android Smartphones(Gold Brown)","https://www.lazada.com.my/jvgood-bluetooth-smart-watch-touch-screen-smartwatch-wrist-watch-support-sim-tf-card-with-camera-for-ios-and-android-smartphonesgold-brown-85242250.html?ff=1&sc=Eeog","2","https://www.lazada.com.my/wearable-technology/?page=2&sc=Eeog&searchredirect=Wearable+Technology"
"","","Original Xiaomi Mi Band 2 Miband 2 USB Charger 100% Genuine Charge Cable","https://www.lazada.com.my/original-xiaomi-mi-band-2-miband-2-usb-charger-100-genuine-charge-cable-29038581.html?ff=1&sc=Eeog","4","https://www.lazada.com.my/wearable-technology/?page=4&sc=Eeog&searchredirect=Wearable+Technology"
"","","Fitbit Blaze Accessory Band, Classic, Red, Large, Lantoo Silicon
Bracelet Strap Replacement Band For Fitbit Blaze Smart Fitness
Watch (Classic, Red, Large)","https://www.lazada.com.my/fitbit-blaze-accessory-band-classic-red-large-lantoo-siliconbracelet-strap-replacement-band-for-fitbit-blaze-smart-fitnesswatch-classic-red-large-13920061.html?ff=1&sc=Eeog","100","https://www.lazada.com.my/wearable-technology/?page=100&sc=Eeog&searchredirect=Wearable+Technology"
"","","VR Remote Control (White)","https://www.lazada.com.my/vr-remote-control-white-16739020.html?ff=1&sc=Eeog","2","https://www.lazada.com.my/wearable-technology/?page=2&sc=Eeog&searchredirect=Wearable+Technology"
"","","Smart Tracker Watch M2s Band IP67 Waterproof OLED Touch Screen Fitness Tracker Wristband with Heart Rate Monitor Smart Pedometer Sleep Monitor Bracelet Suitable for all Android and iOS Phone","https://www.lazada.com.my/smart-tracker-watch-m2s-band-ip67-waterproof-oled-touch-screen-fitness-tracker-wristband-with-heart-rate-monitor-smart-pedometer-sleep-monitor-bracelet-suitable-for-all-android-and-ios-phone-28529563.html?ff=1&sc=Eeog","",""
"","","Smart Bluetooth Smart Watch Touch Screen with Camera support
SIM Call micro SD Memory Sport Pedometer for
Android iPhone SM0052 (Gold)","https://www.lazada.com.my/smart-bluetooth-smart-watch-touch-screennbspwith-camera-supportsim-call-micro-sd-memory-sport-pedometernbspforandroidnbspiphonenbspsm0052-gold-35590803.html?ff=1&sc=Eeog","3","https://www.lazada.com.my/wearable-technology/?page=3&sc=Eeog&searchredirect=Wearable+Technology"
"","","(Ready Stock) VR Box II (VER 2.0) 3D Virtual Reality Glasses
Headset Gear V2 VR360","https://www.lazada.com.my/ready-stock-vr-box-ii-ver-20-3d-virtual-reality-glassesheadset-gear-v2-vr360-20312832.html?ff=1&sc=Eeog","2","https://www.lazada.com.my/wearable-technology/?page=2&sc=Eeog&searchredirect=Wearable+Technology"
"","","Smart Wristband M2 Smart Bracelet Heart Rate Monitor Pedometer Waterproof Bluetooth For iOS Android OLED for Fitness Tracker","https://www.lazada.com.my/smart-wristband-m2-smart-bracelet-heart-rate-monitor-pedometer-waterproof-bluetooth-for-ios-android-oled-for-fitness-tracker-72046408.html?ff=1&sc=Eeog","2","https://www.lazada.com.my/wearable-technology/?page=2&sc=Eeog&searchredirect=Wearable+Technology"
"","","2 PCS Silicone Replace Bracelet Wristbands Strap for Xiaomi Mi Band
2/MiBand 2/Xiaomi Band 2/Mi Band 2","https://www.lazada.com.my/2-pcs-silicone-replace-bracelet-wristbands-strap-for-xiaomi-mi-band2miband-2xiaomi-band-2mi-band-2-21489105.html?ff=1&sc=Eeog","1","https://www.lazada.com.my/wearable-technology/?sc=Eeog&searchredirect=Wearable+Technology"
"","","Xiaomi Huami AMAZFIT Bluetooth GPS IP67 Waterproof Sports Smart Watch (Black)","https://www.lazada.com.my/xiaomi-huami-amazfit-bluetooth-gps-ip67-waterproof-sports-smart-watch-black-95795675.html?ff=1&sc=Eeog","1","https://www.lazada.com.my/wearable-technology/?sc=Eeog&searchredirect=Wearable+Technology"
"","","GT08 SmartWatch Wearables Smart Watch with Hands-Free Call / Camera / Bluetooth Wireless Connect for Android & iOS Device","https://www.lazada.com.my/gt08-smartwatch-wearables-smart-watch-with-hands-free-call-camera-bluetooth-wireless-connect-for-android-amp-ios-device-13479425.html?ff=1&sc=Eeog","5","https://www.lazada.com.my/wearable-technology/?page=5&sc=Eeog&searchredirect=Wearable+Technology"
"","","Garmin Fenix 5 Stainless Steel Watch Band Strap for Garmin Fenix 5
Multiport GPS Watch","https://www.lazada.com.my/garmin-fenix-5-stainless-steel-watch-band-strap-for-garmin-fenix-5multiport-gps-watch-49818001.html?ff=1&sc=Eeog","100","https://www.lazada.com.my/wearable-technology/?page=100&sc=Eeog&searchredirect=Wearable+Technology"
"","","Ishowmall Luxury Genuine Leather Watch Strap Bracelet Wrist Band
For Apple Watch iWatch 42mm Orange","https://www.lazada.com.my/ishowmall-luxury-genuine-leather-watch-strap-bracelet-wrist-bandfor-apple-watch-iwatch-42mm-orange-50544503.html?ff=1&sc=Eeog","100","https://www.lazada.com.my/wearable-technology/?page=100&sc=Eeog&searchredirect=Wearable+Technology"
"","","Smart Bluetooth Smart Watch Touch Screen with Camera support
SIM Call micro SD Memory Sport Pedometer for
Android iPhone SM0052 (White)","https://www.lazada.com.my/smart-bluetooth-smart-watch-touch-screennbspwith-camera-supportsim-call-micro-sd-memory-sport-pedometernbspforandroidnbspiphonenbspsm0052-white-35590800.html?ff=1&sc=Eeog","5","https://www.lazada.com.my/wearable-technology/?page=5&sc=Eeog&searchredirect=Wearable+Technology"
"","","2 PCS Silicone Replace Bracelet Wristbands Strap for Xiaomi Mi Band
2/MiBand 2/Xiaomi Band 2/Mi Band 2","https://www.lazada.com.my/2-pcs-silicone-replace-bracelet-wristbands-strap-for-xiaomi-mi-band2miband-2xiaomi-band-2mi-band-2-21489155.html?ff=1&sc=Eeog","2","https://www.lazada.com.my/wearable-technology/?page=2&sc=Eeog&searchredirect=Wearable+Technology"
"","","TLW27 Wristband Heart Rate Monitor Smart Watch Blood Pressure BloodOxygen Tracker Sports Reminder Smart Bracelet For IOS And And","https://www.lazada.com.my/tlw27-wristband-heart-rate-monitor-smart-watch-blood-pressure-bloodoxygen-tracker-sports-reminder-smart-bracelet-for-ios-and-and-106172621.html?ff=1&sc=Eeog","100","https://www.lazada.com.my/wearable-technology/?page=100&sc=Eeog&searchredirect=Wearable+Technology"
"","","leegoal Fully Magnetic Closure Clasp Mesh Loop Milanese Stainless
Steel Bracelet Strap For Apple IWatch Sport Edition 42mm","https://www.lazada.com.my/leegoal-fully-magnetic-closure-clasp-mesh-loop-milanese-stainlesssteel-bracelet-strap-for-apple-iwatch-sport-edition-42mm-21452452.html?ff=1&sc=Eeog","100","https://www.lazada.com.my/wearable-technology/?page=100&sc=Eeog&searchredirect=Wearable+Technology"
"","","2PCS Screen Protector for Xiaomi Mi Band 2 Band2 or M2 hand band
Screen Protector Miband2 Miband 2 HD Ultra Thin Anti-scratch
Protective Film Guard","https://www.lazada.com.my/2pcs-screen-protector-for-xiaomi-mi-band-2-band2-or-m2-hand-bandscreen-protector-miband2-miband-2-hd-ultra-thin-anti-scratchprotective-film-guard-50545990.html?ff=1&sc=Eeog","2","https://www.lazada.com.my/wearable-technology/?page=2&sc=Eeog&searchredirect=Wearable+Technology"
"","","[Bundle + Leather Strap] XIAOMI Mi Band 2 II OLED Display Heart Beat Touch v2 Wristband Smartwatch","https://www.lazada.com.my/bundle-leather-strap-xiaomi-mi-band-2-ii-oled-display-heart-beat-touch-v2-wristband-smartwatch-24945463.html?ff=1&sc=Eeog","5","https://www.lazada.com.my/wearable-technology/?page=5&sc=Eeog&searchredirect=Wearable+Technology"
"","","S2 Bluetooth Smart Band Wristband Heart Rate Monitor IP67
Waterproof Smartband Bracelet For Android and IOS","https://www.lazada.com.my/s2-bluetooth-smart-band-wristband-heart-rate-monitor-ip67waterproof-smartband-bracelet-for-android-and-ios-27484943.html?ff=1&sc=Eeog","5","https://www.lazada.com.my/wearable-technology/?page=5&sc=Eeog&searchredirect=Wearable+Technology"
"","","Vintage Woven Leather Replacement Bracelet Watchband Wrist Band Strap for Fitbit Alta Alta HR Black","https://www.lazada.com.my/vintage-woven-leather-replacement-bracelet-watchband-wrist-band-strap-for-fitbit-alta-alta-hr-black-92532898.html?ff=1&sc=Eeog","5","https://www.lazada.com.my/wearable-technology/?page=5&sc=Eeog&searchredirect=Wearable+Technology"
"","","Smart Tracker Watch M2s Band IP67 Waterproof OLED Touch Screen Fitness Tracker Wristband with Heart Rate Monitor Smart Pedometer Sleep Monitor Bracelet Suitable for all Android and iOS Phone","https://www.lazada.com.my/smart-tracker-watch-m2s-band-ip67-waterproof-oled-touch-screen-fitness-tracker-wristband-with-heart-rate-monitor-smart-pedometer-sleep-monitor-bracelet-suitable-for-all-android-and-ios-phone-28529562.html?ff=1&sc=Eeog","4","https://www.lazada.com.my/wearable-technology/?page=4&sc=Eeog&searchredirect=Wearable+Technology"
"","","(Bundle) 2 Units of Xiaomi Miband 2 Heart Rate Touch OLED Bluetooth Smartband Wristband (Black)","https://www.lazada.com.my/bundle-2-units-of-xiaomi-miband-2-heart-rate-touch-oled-bluetooth-smartband-wristband-black-19467284.html?ff=1&sc=Eeog","2","https://www.lazada.com.my/wearable-technology/?page=2&sc=Eeog&searchredirect=Wearable+Technology"
"","","Original Mijobs Replace Silicon Strap For Xiaomi Mi Band 2
Replaceable Belt For MiBand 2 – Black with Red","https://www.lazada.com.my/original-mijobs-replace-silicon-strap-for-xiaomi-mi-band-2replaceable-belt-for-miband-2-black-with-red-17756222.html?ff=1&sc=Eeog","3","https://www.lazada.com.my/wearable-technology/?page=3&sc=Eeog&searchredirect=Wearable+Technology"
"","","EsoGoal Bluetooth Digital Smart Watch Mobile Phone smartwatch Camera GSM SIM Card Wrist Touch Screen Watch for iPhone IOS Samsung Android Smartphones (Black)","https://www.lazada.com.my/esogoal-bluetooth-digital-smart-watch-mobile-phone-smartwatch-camera-gsm-sim-card-wrist-touch-screen-watch-for-iphone-ios-samsung-android-smartphones-black-56149952.html?ff=1&sc=Eeog","",""
"","","DZ09 Bluetooth Digital Smart Watches WristWatch - Black","https://www.lazada.com.my/dz09-bluetooth-digital-smart-watches-wristwatch-black-1803734.html?ff=1&sc=Eeog","1","https://www.lazada.com.my/wearable-technology/?sc=Eeog&searchredirect=Wearable+Technology"
"","","DZ09 Bluetooth Smart Watch For Android And IOS (Best Offer)","https://www.lazada.com.my/dz09-bluetooth-smart-watch-for-android-and-ios-best-offer-67739165.html?ff=1&sc=Eeog","3","https://www.lazada.com.my/wearable-technology/?page=3&sc=Eeog&searchredirect=Wearable+Technology"
"","","Huawei Honor A2 Heart Rate Monitor Bluetooth Fitness Tracker Smart Band (Black)","https://www.lazada.com.my/huawei-honor-a2-heart-rate-monitor-bluetooth-fitness-tracker-smart-band-black-97615547.html?ff=1&sc=Eeog","1","https://www.lazada.com.my/wearable-technology/?sc=Eeog&searchredirect=Wearable+Technology"
"","","VR Box II (VER 2.0) 3D Virtual Reality Glasses Headset Gear ( WHITE
)","https://www.lazada.com.my/vr-box-ii-ver-20-3d-virtual-reality-glasses-headset-gear-white-21630381.html?ff=1&sc=Eeog","2","https://www.lazada.com.my/wearable-technology/?page=2&sc=Eeog&searchredirect=Wearable+Technology"
"","","VR BOX Virtual Reality 3D Glasses Headset Version 2.0 Experience
Google Cardboard for Mobile Smart Phone Watch Video Movie &
Gaming","https://www.lazada.com.my/vr-box-virtual-reality-3d-glasses-headset-version-20-experiencegoogle-cardboard-for-mobile-smart-phone-watch-video-movie-ampgaming-12690974.html?ff=1&sc=Eeog","2","https://www.lazada.com.my/wearable-technology/?page=2&sc=Eeog&searchredirect=Wearable+Technology"
"","","Silicone Replace Bracelet Wristbands Strap for Xiaomi Mi Band
2/MiBand 2/Xiaomi Band 2/Mi Band 2","https://www.lazada.com.my/silicone-replace-bracelet-wristbands-strap-for-xiaomi-mi-band2miband-2xiaomi-band-2mi-band-2-21489126.html?ff=1&sc=Eeog","4","https://www.lazada.com.my/wearable-technology/?page=4&sc=Eeog&searchredirect=Wearable+Technology"
"","","Samsung Gear S3 Smartwatch Frontier SM-R760 Original Samsung Warranty","https://www.lazada.com.my/samsung-gear-s3-smartwatch-frontier-sm-r760-original-samsung-warranty-20260664.html?ff=1&sc=Eeog","4","https://www.lazada.com.my/wearable-technology/?page=4&sc=Eeog&searchredirect=Wearable+Technology"
"","","Mi Band 2 (official Mi Malaysia warranty)","https://www.lazada.com.my/mi-band-2-official-mi-malaysia-warranty-67343897.html?ff=1&sc=Eeog","4","https://www.lazada.com.my/wearable-technology/?page=4&sc=Eeog&searchredirect=Wearable+Technology"
"","","iFlashDeal DZ09 Bluetooth Digital Smart Watch Wearables Smart Watch with Hands-Free Call Built-in Camera Bluetooth","https://www.lazada.com.my/iflashdeal-dz09-bluetooth-digital-smart-watch-wearables-smart-watch-with-hands-free-call-built-in-camera-bluetooth-92069906.html?ff=1&sc=Eeog","",""
"","","New M88 Smart Watch Wristband Smartband Heart Rate Blood Pressure Monitor Fitness Tracker Bracelet Pedometer for IOS Android PK Mi Band 2 Fitbit","https://www.lazada.com.my/new-m88-smart-watch-wristband-smartband-heart-rate-blood-pressure-monitor-fitness-tracker-bracelet-pedometer-for-ios-android-pk-mi-band-2-fitbit-72945202.html?ff=1&sc=Eeog","",""
"","","H3 Smart Watch Band Bracelet Heart Rate Monitor Smartband Activity
Fitness Tracker Wristband for IOS Android(Black)","https://www.lazada.com.my/h3-heart-rate-monitor-sleep-fitness-tracker-smart-watch-black-12229801.html?ff=1&sc=Eeog","",""
"","","Xiaomi Mi Band 2 Smart Bluetooth Wristband+Orange Replacement Strip（Bundle）","https://www.lazada.com.my/xiaomi-mi-band-2-smart-bluetooth-wristbandorange-replacement-stripbundle-11873266.html?ff=1&sc=Eeog","5","https://www.lazada.com.my/wearable-technology/?page=5&sc=Eeog&searchredirect=Wearable+Technology"
"","","Xiaomi Miband 2 Heart Rate Touch OLED Bluetooth Smartband Wristband (Black) With Screen Protector","https://www.lazada.com.my/xiaomi-miband-2-heart-rate-touch-oled-bluetooth-smartband-wristband-black-with-screen-protector-18129010.html?ff=1&sc=Eeog","1","https://www.lazada.com.my/wearable-technology/?sc=Eeog&searchredirect=Wearable+Technology"
"","","iWatch GT08 2.0M Digital Bluetooth Smart Watch (Silver Black)","https://www.lazada.com.my/iwatch-gt08-20m-digital-bluetooth-smart-watch-silver-black-1155983.html?ff=1&sc=Eeog","",""
"","","(2016 New Version - Lazada Original) ZenGear 2016 New Version DZ09 Wearables SmartWatch with Hands-Free Call Built-in Camera Bluetooth Connect for Android","https://www.lazada.com.my/2016-new-version-lazada-original-zengear-2016-new-version-dz09-wearables-smartwatch-with-hands-free-call-built-in-camera-bluetooth-connect-for-android-15609193.html?ff=1&sc=Eeog","2","https://www.lazada.com.my/wearable-technology/?page=2&sc=Eeog&searchredirect=Wearable+Technology"
"","","Xiaomi Huami AMAZFIT Pace Bluetooth 4.0 Sports Smart Watch -
ENGLISH VERSION BLACK","https://www.lazada.com.my/xiaomi-huami-amazfit-pace-bluetooth-40-sports-smart-watch-english-version-black-18439194.html?ff=1&sc=Eeog","1","https://www.lazada.com.my/wearable-technology/?sc=Eeog&searchredirect=Wearable+Technology"
"","","SmartWatch GT08 100% Original New 2.0 Version Wearables Smart Watch
- Silver","https://www.lazada.com.my/smartwatch-gt08-100-original-new-20-version-wearables-smart-watch-silver-13439251.html?ff=1&sc=Eeog","2","https://www.lazada.com.my/wearable-technology/?page=2&sc=Eeog&searchredirect=Wearable+Technology"
"","","M2 Wristband Heart Rate Monitor Smart Watch Sports Reminder Smart
Bracelet For IOS And Android","https://www.lazada.com.my/m2-wristband-heart-rate-monitor-smart-watch-sports-reminder-smartbracelet-for-ios-and-android-31576402.html?ff=1&sc=Eeog","100","https://www.lazada.com.my/wearable-technology/?page=100&sc=Eeog&searchredirect=Wearable+Technology"
"","","M2 Smart bracelet Hand Band (sport bracelet smart wristband)heart
rate monitor blue tooth watch water proof for android IOS (Black)","https://www.lazada.com.my/m2-smart-bracelet-hand-band-sport-bracelet-smart-wristbandheartrate-monitor-blue-tooth-watch-water-proof-for-android-ios-black-22201103.html?ff=1&sc=Eeog","1","https://www.lazada.com.my/wearable-technology/?sc=Eeog&searchredirect=Wearable+Technology"
"","","Huawei Honor Band SS with Touch Feel Function 395mm (Brown)","https://www.lazada.com.my/huawei-honor-band-ss-with-touch-feel-function-395mm-brown-35883634.html?ff=1&sc=Eeog","1","https://www.lazada.com.my/wearable-technology/?sc=Eeog&searchredirect=Wearable+Technology"
"","","M99 Wristband Heart Rate Blood Pressure Monitor Bluetooth Smart Watch IP67 Water Proof Fitness Tracker For Android And IOS Phone","https://www.lazada.com.my/m99-wristband-heart-rate-blood-pressure-monitor-bluetooth-smart-watch-ip67-water-proof-fitness-tracker-for-android-and-ios-phone-110872669.html?ff=1&sc=Eeog","100","https://www.lazada.com.my/wearable-technology/?page=100&sc=Eeog&searchredirect=Wearable+Technology"
"","","Mi Band Pulse","https://www.lazada.com.my/mi-band-pulse-98122151.html?ff=1&sc=Eeog","1","https://www.lazada.com.my/wearable-technology/?sc=Eeog&searchredirect=Wearable+Technology"
"","","TPU+TPE Replacement Bands Colourful Wristband Wrist Strap Wrist
Blet Bracelet Strap For Xiaomi Mi Band 2 Smart Miband 2 Accessories","https://www.lazada.com.my/tputpe-replacement-bands-colourful-wristband-wrist-strap-wristblet-bracelet-strap-for-xiaomi-mi-band-2-smart-miband-2-accessories-23180094.html?ff=1&sc=Eeog","4","https://www.lazada.com.my/wearable-technology/?page=4&sc=Eeog&searchredirect=Wearable+Technology"
"","","Mijobs Silicone Wrist Strap Bracelet Colorful Replacement
Watchbands For Xiaomi Mi Band 2 Smart Bracelet Miband 2 Wristbands","https://www.lazada.com.my/mijobs-silicone-wrist-strap-bracelet-colorful-replacementwatchbands-for-xiaomi-mi-band-2-smart-bracelet-miband-2-wristbands-28668457.html?ff=1&sc=Eeog","3","https://www.lazada.com.my/wearable-technology/?page=3&sc=Eeog&searchredirect=Wearable+Technology"
"","","U80 iWatch GSM Micro SD Smartwatch for Mobile Phone (Black)","https://www.lazada.com.my/u80-iwatch-gsm-micro-sd-smartwatch-for-mobile-phone-black-10061065.html?ff=1&sc=Eeog","100","https://www.lazada.com.my/wearable-technology/?page=100&sc=Eeog&searchredirect=Wearable+Technology"
"","","MagicWorldMall S2 Smart Watch Sports Touch Bracelet Heart Rate Monitor Smart Bracelet For Android iOS Black","https://www.lazada.com.my/magicworldmall-s2-smart-watch-sports-touch-bracelet-heart-rate-monitor-smart-bracelet-for-android-ios-black-109124139.html?ff=1&sc=Eeog","2","https://www.lazada.com.my/wearable-technology/?page=2&sc=Eeog&searchredirect=Wearable+Technology"
"","","Fitbit Charge 2 Heart Rate Fitness Wristband Large - Black (FB407SBKL)","https://www.lazada.com.my/fitbit-charge-2-heart-rate-fitness-wristband-large-black-fb407sbkl-18934060.html?ff=1&sc=Eeog","1","https://www.lazada.com.my/wearable-technology/?sc=Eeog&searchredirect=Wearable+Technology"
"","","Stainless Bracelet Smart Watch Band Strap For Xiaomi Huami Amazfit
A1602 BK","https://www.lazada.com.my/stainless-bracelet-smart-watch-band-strap-for-xiaomi-huami-amazfita1602-bk-53497126.html?ff=1&sc=Eeog","100","https://www.lazada.com.my/wearable-technology/?page=100&sc=Eeog&searchredirect=Wearable+Technology"
"","","M99 Wristband Heart Rate Blood Pressure Monitor Bluetooth Smart Watch IP67 Water Proof Fitness Tracker For Android And IOS Phone","https://www.lazada.com.my/m99-wristband-heart-rate-blood-pressure-monitor-bluetooth-smart-watch-ip67-water-proof-fitness-tracker-for-android-and-ios-phone-110872661.html?ff=1&sc=Eeog","100","https://www.lazada.com.my/wearable-technology/?page=100&sc=Eeog&searchredirect=Wearable+Technology"
"","","Original Sport Watch Full Screen Smart Watch V8 For Android Match
Smartphone Support TF SIM Card Bluetooth Smartwatch PK GT08 U8","https://www.lazada.com.my/bluetooth-smart-wrist-watch-sim-phone-mate-for-ios-androidsmartphone-red-49084422.html?ff=1&sc=Eeog","",""
"","","Colorful Silicone Wrist Strap Bracelet Replacement watchband for
Miband 2 Xiaomi Mi band 2 strap Wristbands + Free 2 Pieces Screen
Protector - Purple","https://www.lazada.com.my/colorful-silicone-wrist-strap-bracelet-replacement-watchband-formiband-2-xiaomi-mi-band-2-strap-wristbands-free-2-pieces-screenprotector-purple-30360893.html?ff=1&sc=Eeog","1","https://www.lazada.com.my/wearable-technology/?sc=Eeog&searchredirect=Wearable+Technology"
"","","Bluetooth Smart V8 Smart Watch Quad-band Calling Clock MTK6261Phone
Call Notification Camera Smartwatch For Android","https://www.lazada.com.my/bluetooth-smart-v8-smart-watch-quad-band-calling-clock-mtk6261phonecall-notification-camera-smartwatch-for-android-80515523.html?ff=1&sc=Eeog","3","https://www.lazada.com.my/wearable-technology/?page=3&sc=Eeog&searchredirect=Wearable+Technology"
"","","EsoGoal Bluetooth Digital Smart Watch Mobile Phone Smart Watch Camera GSM SIM Card Wrist Touch Screen Watch for iPhone IOS Samsung Android Smartphones (Gold)","https://www.lazada.com.my/esogoal-bluetooth-digital-smart-watch-mobile-phone-smart-watch-camera-gsm-sim-card-wrist-touch-screen-watch-for-iphone-ios-samsung-android-smartphones-gold-56149913.html?ff=1&sc=Eeog","",""
"","","DZ09 Smart Watch Phone YOOME Bluetooth V3.0 Sim Gsm Mobile Watch for Android and IOS (Black)","https://www.lazada.com.my/dz09-smart-watch-phone-yoome-bluetooth-v30-sim-gsm-mobile-watch-for-android-and-ios-black-17684592.html?ff=1&sc=Eeog","100","https://www.lazada.com.my/wearable-technology/?page=100&sc=Eeog&searchredirect=Wearable+Technology"
"","","VR BOX Virtual Reality Movies Games 3D Glasses for Smart Phone","https://www.lazada.com.my/vr-box-virtual-reality-movies-games-3d-glasses-for-smart-phone-11162659.html?ff=1&sc=Eeog","",""
"","","Strap for Samsung Galaxy Gear S3 Classic SM-R770 S3 Frontier
SM-R760 SM-R765/Gear S2 R380 R381 R382/ Moto 360 2 46mm 2015/ LG G
Watch/ ASUS Zenwatch 1 2 Men/Pebble Time Smart Watch Sport Silicone
Watch Band","https://www.lazada.com.my/strap-for-samsung-galaxy-gear-s3-classic-sm-r770-s3-frontiersm-r760-sm-r765gear-s2-r380-r381-r382-moto-360-2-46mm-2015-lg-gwatch-asus-zenwatch-1-2-menpebble-time-smart-watch-sport-siliconewatch-band-18684721.html?ff=1&sc=Eeog","4","https://www.lazada.com.my/wearable-technology/?page=4&sc=Eeog&searchredirect=Wearable+Technology"
"","","MAXGEAR ID115 LITE Fitness Tracker Smart Watch Wristband Android IOS - Blue","https://www.lazada.com.my/maxgear-id115-lite-fitness-tracker-smart-watch-wristband-android-ios-blue-22911972.html?ff=1&sc=Eeog","2","https://www.lazada.com.my/wearable-technology/?page=2&sc=Eeog&searchredirect=Wearable+Technology"
"","","CF007 Couples Wristband Heart Rate Monitor Smart Watches Blood Pressure Monitor Smart Band Bluetooth Water Proof Bracelet Fitness Tracker","https://www.lazada.com.my/cf007-couples-wristband-heart-rate-monitor-smart-watches-blood-pressure-monitor-smart-band-bluetooth-water-proof-bracelet-fitness-tracker-91689099.html?ff=1&sc=Eeog","5","https://www.lazada.com.my/wearable-technology/?page=5&sc=Eeog&searchredirect=Wearable+Technology"
"","","VR Shinecon Virtual Reality 3D Real 3D Glasses Helmet Oculus Rift
VR BOX 2.0 Movie For 3.5-6.0' Smartphone + Remote Controller","https://www.lazada.com.my/vr-shinecon-virtual-reality-3d-real-3d-glasses-helmet-oculus-riftvr-box-20-movie-for-35-60-smartphone-remote-controller-11457096.html?ff=1&sc=Eeog","100","https://www.lazada.com.my/wearable-technology/?page=100&sc=Eeog&searchredirect=Wearable+Technology"
"","","Huawei Honor Smart Bracelet 3 Sleep Heart Rate Monitor Fitness
Tracker 50m Swim Waterproof Bluetooth OLED Band-Black","https://www.lazada.com.my/huawei-honor-smart-bracelet-3-sleep-heart-rate-monitor-fitnesstracker-50m-swim-waterproof-bluetooth-oled-band-black-54184688.html?ff=1&sc=Eeog","4","https://www.lazada.com.my/wearable-technology/?page=4&sc=Eeog&searchredirect=Wearable+Technology"
"","","2017 waterproof fitbit activity wrist band tracker bluetooth
lowenergy smart wristband H8 for ios and andriod","https://www.lazada.com.my/2017-waterproof-fitbit-activity-wrist-band-tracker-bluetoothlowenergy-smart-wristband-h8-for-ios-and-andriod-24613867.html?ff=1&sc=Eeog","5","https://www.lazada.com.my/wearable-technology/?page=5&sc=Eeog&searchredirect=Wearable+Technology"
"","","New M88 Smart Watch Wristband Smartband Heart Rate Blood Pressure Monitor Fitness Tracker Bracelet Pedometer for IOS Android PK Mi Band 2 Fitbit","https://www.lazada.com.my/new-m88-smart-watch-wristband-smartband-heart-rate-blood-pressure-monitor-fitness-tracker-bracelet-pedometer-for-ios-android-pk-mi-band-2-fitbit-72945202.html?ff=1&sc=Eeog","1","https://www.lazada.com.my/wearable-technology/?sc=Eeog&searchredirect=Wearable+Technology"
"","","Band for Fitbit Charge 2 , Hanlesi Soft TPU Silicone Adjustable
Replacement Sport Strap Band for Fitbit Charge2 Smartwatch Heart
Rate Fitness Wristband","https://www.lazada.com.my/band-for-fitbit-charge-2-hanlesi-soft-tpu-silicone-adjustablereplacement-sport-strap-band-for-fitbit-charge2-smartwatch-heartrate-fitness-wristband-28414820.html?ff=1&sc=Eeog","4","https://www.lazada.com.my/wearable-technology/?page=4&sc=Eeog&searchredirect=Wearable+Technology"
"","","TOPWORX F1 Waterproof IP67 Bluetooth 4.0 Health Sport Fitness Smart
Watch Wristband Android IOS With Heart Rate Blood Pressure And
Oxygen","https://www.lazada.com.my/topworx-f1-waterproof-ip67-bluetooth-40-health-sport-fitness-smartwatch-wristband-android-ios-with-heart-rate-blood-pressure-andoxygen-24739626.html?ff=1&sc=Eeog","5","https://www.lazada.com.my/wearable-technology/?page=5&sc=Eeog&searchredirect=Wearable+Technology"
"","","10 pcs Silicone Replacement Watchband Watch Band Strap for Xiaomi Mi Band 2 Smart Bracelet","https://www.lazada.com.my/10-pcs-silicone-replacement-watchband-watch-band-strap-for-xiaomi-mi-band-2-smart-bracelet-14662405.html?ff=1&sc=Eeog","",""
"","","Original Xiaomi MI VR Virtual Reality 3D Glasses Case for Smartphones","https://www.lazada.com.my/original-xiaomi-mi-vr-virtual-reality-3d-glasses-case-for-smartphones-14862223.html?ff=1&sc=Eeog","4","https://www.lazada.com.my/wearable-technology/?page=4&sc=Eeog&searchredirect=Wearable+Technology"
"","","5Pcs Colorful Silicone Wrist Strap Bracelet Replacement watchband
for Miband 2 Xiaomi Mi band 2 strap Wristbands","https://www.lazada.com.my/5pcs-colorful-silicone-wrist-strap-bracelet-replacement-watchbandfor-miband-2-xiaomi-mi-band-2-strap-wristbands-26972846.html?ff=1&sc=Eeog","100","https://www.lazada.com.my/wearable-technology/?page=100&sc=Eeog&searchredirect=Wearable+Technology"
"","","Strap for Samsung Galaxy Gear S3 Classic SM-R770 S3 Frontier
SM-R760 SM-R765/Gear S2 R380 R381 R382/ Moto 360 2 46mm 2015/ LG G
Watch/ ASUS Zenwatch 1 2 Men/Pebble Time Smart Watch Sport Silicone
Watch Band","https://www.lazada.com.my/strap-for-samsung-galaxy-gear-s3-classic-sm-r770-s3-frontiersm-r760-sm-r765gear-s2-r380-r381-r382-moto-360-2-46mm-2015-lg-gwatch-asus-zenwatch-1-2-menpebble-time-smart-watch-sport-siliconewatch-band-18684736.html?ff=1&sc=Eeog","4","https://www.lazada.com.my/wearable-technology/?page=4&sc=Eeog&searchredirect=Wearable+Technology"
"","","Gear S3 Watch Band Milanese Magnetic Loop Stainless Steel metal replacement bracelet strap for Gear S3 Frontier/ Gear S3 Classic/ Moto 360 2nd Gen 46mm Smartwatch/ Asus ZenWatch 2","https://www.lazada.com.my/gear-s3-watch-band-milanese-magnetic-loop-stainless-steel-metal-replacement-bracelet-strap-for-gear-s3-frontier-gear-s3-classic-moto-360-2nd-gen-46mm-smartwatch-asus-zenwatch-2-61487563.html?ff=1&sc=Eeog","4","https://www.lazada.com.my/wearable-technology/?page=4&sc=Eeog&searchredirect=Wearable+Technology"
"","","Xiaomi Miband 2 Heart Rate Touch OLED Bluetooth Smartband Wristband (Black) With Screen Protector","https://www.lazada.com.my/xiaomi-miband-2-heart-rate-touch-oled-bluetooth-smartband-wristband-black-with-screen-protector-18129010.html?ff=1&sc=Eeog","",""
"","","iFlashDeal DZ09 Bluetooth Digital Smart Watch Wearables Smart Watch with Hands-Free Call Built-in Camera Bluetooth","https://www.lazada.com.my/iflashdeal-dz09-bluetooth-digital-smart-watch-wearables-smart-watch-with-hands-free-call-built-in-camera-bluetooth-92069906.html?ff=1&sc=Eeog","1","https://www.lazada.com.my/wearable-technology/?sc=Eeog&searchredirect=Wearable+Technology"
"","","3pcs Silicone Watch Band Wrist Strap For Xiaomi Mi Band Miband 2","https://www.lazada.com.my/3pcs-silicone-watch-band-wrist-strap-for-xiaomi-mi-band-miband-2-70447098.html?ff=1&sc=Eeog","2","https://www.lazada.com.my/wearable-technology/?page=2&sc=Eeog&searchredirect=Wearable+Technology"
"","","niceEshop Heart Rate Watch With Step Calorie Tracker And Sleep Monitor For Sports Gym Running Workout","https://www.lazada.com.my/niceeshop-heart-rate-watch-with-step-calorie-tracker-and-sleep-monitor-for-sports-gym-running-workout-11242394.html?ff=1&sc=Eeog","2","https://www.lazada.com.my/wearable-technology/?page=2&sc=Eeog&searchredirect=Wearable+Technology"
"","","KW18 Sport Smart Watch Heart Rate IPS Full Screen bluetooth
smartwatch Fitness Tracker for IOS Android","https://www.lazada.com.my/kw18-sport-smart-watch-heart-rate-ips-full-screen-bluetoothsmartwatch-fitness-tracker-for-ios-android-29755885.html?ff=1&sc=Eeog","5","https://www.lazada.com.my/wearable-technology/?page=5&sc=Eeog&searchredirect=Wearable+Technology"
"","","Metal Strap For Xiaomi Mi Band 2 Miband 2 Easy Install Buckle Design","https://www.lazada.com.my/metal-strap-for-xiaomi-mi-band-2-miband-2-easy-install-buckle-design-15599838.html?ff=1&sc=Eeog","4","https://www.lazada.com.my/wearable-technology/?page=4&sc=Eeog&searchredirect=Wearable+Technology"
"","","iWatch GT08 2.0M Digital Bluetooth Smart Watch (Black)","https://www.lazada.com.my/iwatch-gt08-20m-digital-bluetooth-smart-watch-black-9273781.html?ff=1&sc=Eeog","5","https://www.lazada.com.my/wearable-technology/?page=5&sc=Eeog&searchredirect=Wearable+Technology"
"","","Mi Band Pulse","https://www.lazada.com.my/mi-band-pulse-98122151.html?ff=1&sc=Eeog","",""
"","","H3 Smart Watch Band Bracelet Heart Rate Monitor Smartband Activity
Fitness Tracker Wristband for IOS Android(Black)","https://www.lazada.com.my/h3-heart-rate-monitor-sleep-fitness-tracker-smart-watch-black-12229801.html?ff=1&sc=Eeog","1","https://www.lazada.com.my/wearable-technology/?sc=Eeog&searchredirect=Wearable+Technology"
"","","H8 Wristband Bluetooth Smart Watch Pedometer Sleep Monitor
Smartband Fitness Tracker Bracelet For iOS And Android","https://www.lazada.com.my/h8-wristband-bluetooth-smart-watch-pedometer-sleep-monitorsmartband-fitness-tracker-bracelet-for-ios-and-android-30599140.html?ff=1&sc=Eeog","5","https://www.lazada.com.my/wearable-technology/?page=5&sc=Eeog&searchredirect=Wearable+Technology"
"","","iWatch GT08 2.0M Digital Bluetooth Smart Watch (Silver Black)","https://www.lazada.com.my/iwatch-gt08-20m-digital-bluetooth-smart-watch-silver-black-1155983.html?ff=1&sc=Eeog","1","https://www.lazada.com.my/wearable-technology/?sc=Eeog&searchredirect=Wearable+Technology"
"","","Band M2-plus Smart Fitness Bracelet watch Wristband Message Phone
number shown OLED Touchpad Sleep Monitor Heart Rate Mi Band2 plus
Strap for Android iOS","https://www.lazada.com.my/band-m2-plus-smart-fitness-bracelet-watch-wristband-message-phonenumber-shown-oled-touchpad-sleep-monitor-heart-rate-mi-band2-plusstrap-for-android-ios-30601327.html?ff=1&sc=Eeog","2","https://www.lazada.com.my/wearable-technology/?page=2&sc=Eeog&searchredirect=Wearable+Technology"
"","","Ewing VR Box with Bluetooth Remote Controller Version 2.0 Virtual
Game Glasses Cardboard Kit for 4.5 to 6.0 Inch Phone","https://www.lazada.com.my/ewing-vr-box-with-bluetooth-remote-controller-version-20-virtualhame-glasses-cardboard-kit-for-45-60-inch-phone-10080527.html?ff=1&sc=Eeog","3","https://www.lazada.com.my/wearable-technology/?page=3&sc=Eeog&searchredirect=Wearable+Technology"
"","","M2 Smart Wristband Bracelet Heart Rate Pulse Meter IP67 Waterproof
Call Reminder Pedometer Fitness Sleep Tracker iOS PK Mi Band","https://www.lazada.com.my/m2-smart-wristband-bracelet-heart-rate-pulse-meter-ip67-waterproofcall-reminder-pedometer-fitness-sleep-tracker-ios-pk-mi-band-30851153.html?ff=1&sc=Eeog","2","https://www.lazada.com.my/wearable-technology/?page=2&sc=Eeog&searchredirect=Wearable+Technology"
"","","Replacement Crazy Horse Soft Genuine Leather Strap for Samsung
Galaxy Gear S3 Classic SM-R770 S3 Frontier SM-R760 SM-R765 Smart
Watch Band","https://www.lazada.com.my/replacement-crazy-horse-soft-genuine-leather-strap-for-samsunggalaxy-gear-s3-classic-sm-r770-s3-frontier-sm-r760-sm-r765-smartwatch-band-25416609.html?ff=1&sc=Eeog","5","https://www.lazada.com.my/wearable-technology/?page=5&sc=Eeog&searchredirect=Wearable+Technology"
"","","5Pcs Colorful Silicone Wrist Strap Bracelet Replacement watchband for Miband 2 Xiaomi Mi band 2 strap Wristbands","https://www.lazada.com.my/5pcs-colorful-silicone-wrist-strap-bracelet-replacement-watchband-for-miband-2-xiaomi-mi-band-2-strap-wristbands-26972919.html?ff=1&sc=Eeog","3","https://www.lazada.com.my/wearable-technology/?page=3&sc=Eeog&searchredirect=Wearable+Technology"
"","","2 PCS Silicone Replace Bracelet Wristbands Strap for Xiaomi Mi Band
2/MiBand 2/Xiaomi Band 2/Mi Band 2","https://www.lazada.com.my/2-pcs-silicone-replace-bracelet-wristbands-strap-for-xiaomi-mi-band2miband-2xiaomi-band-2mi-band-2-21489105.html?ff=1&sc=Eeog","",""
"","","For Fitbit Charge 2 Screen Protector 2Pcs Ultra Thin Smart Bracelet Screen Protector Film HD Clear High Light Transmittance Sensitivity Screen Guard for Fitbit Charge 2 Watch","https://www.lazada.com.my/for-fitbit-charge-2-screen-protector-2pcs-ultra-thin-smart-bracelet-screen-protector-film-hd-clear-high-light-transmittance-sensitivity-screen-guard-for-fitbit-charge-2-watch-59661382.html?ff=1&sc=Eeog","2","https://www.lazada.com.my/wearable-technology/?page=2&sc=Eeog&searchredirect=Wearable+Technology"
"","","Smart band M2 Bluetooth4.0 Waterproof IP67 Smart Bracelet Heart Rate Monitor Sleep monitor Wristband for Android iOS","https://www.lazada.com.my/smart-band-m2-bluetooth40-waterproof-ip67-smart-bracelet-heart-rate-monitor-sleep-monitor-wristband-for-android-ios-105781966.html?ff=1&sc=Eeog","100","https://www.lazada.com.my/wearable-technology/?page=100&sc=Eeog&searchredirect=Wearable+Technology"
"","","Bluetooth Smart Band M2 Heart Rate Monitor Waterproof IP67
Message/Call Reminder Health Fitness Tracker Wristband Smart
Bracelet for Android iOS","https://www.lazada.com.my/bluetooth-smart-band-m2-heart-rate-monitor-waterproof-ip67messagecall-reminder-health-fitness-tracker-wristband-smartbracelet-for-android-ios-20008220.html?ff=1&sc=Eeog","3","https://www.lazada.com.my/wearable-technology/?page=3&sc=Eeog&searchredirect=Wearable+Technology"
"","","EsoGoal Fitness Tracker Smart Bracelet Bluetooth Heart Rate Monitor Activity Watch Wristband Pedometer Sleep Bracelet Calories Track Step Health Band IP 57 Waterproof Smart Watch for iPhone & Android phones","https://www.lazada.com.my/esogoal-fitness-tracker-smart-bracelet-bluetooth-heart-rate-monitor-activity-watch-wristband-pedometer-sleep-bracelet-calories-track-step-health-band-ip-57-waterproof-smart-watch-for-iphone-amp-android-phones-56169624.html?ff=1&sc=Eeog","",""
"","","Fashion Silicone Diamond Style Replacement Wristband Strap Bracelet Smart Band Accessories for Mi Band 2 Black","https://www.lazada.com.my/fashion-silicone-diamond-style-replacement-wristband-strap-bracelet-smart-band-accessories-for-mi-band-2-black-94693396.html?ff=1&sc=Eeog","3","https://www.lazada.com.my/wearable-technology/?page=3&sc=Eeog&searchredirect=Wearable+Technology"
"","","GS8 Wristband Heart Rate Blood Pressure Monitor Smart Watch with
GPS Trajectory Tracker Support SIM Card For Android and IOS Phone","https://www.lazada.com.my/gs8-wristband-heart-rate-blood-pressure-monitor-smart-watch-withgps-trajectory-tracker-support-sim-card-for-android-and-ios-phone-80474940.html?ff=1&sc=Eeog","3","https://www.lazada.com.my/wearable-technology/?page=3&sc=Eeog&searchredirect=Wearable+Technology"
"","","Silicone Fitness Watch Band Wrist Strap Bracelet For Xiaomi Mi Band
Miband 2","https://www.lazada.com.my/silicone-fitness-watch-band-wrist-strap-bracelet-for-xiaomi-mi-bandmiband-2-20154599.html?ff=1&sc=Eeog","5","https://www.lazada.com.my/wearable-technology/?page=5&sc=Eeog&searchredirect=Wearable+Technology"
"","","3D VR Box Headset Virtual Reality Glasses With Remote Control &
Mi Piston (White)","https://www.lazada.com.my/3d-vr-box-headset-virtual-reality-glasses-with-remote-control-ampmi-piston-white-11088626.html?ff=1&sc=Eeog","5","https://www.lazada.com.my/wearable-technology/?page=5&sc=Eeog&searchredirect=Wearable+Technology"
"","","100% Original Xiaomi Mi Band2 Smart Wristband Bracelet Heart Rate Monitor","https://www.lazada.com.my/100-original-xiaomi-mi-band2-smart-wristband-bracelet-heart-rate-monitor-63938861.html?ff=1&sc=Eeog","2","https://www.lazada.com.my/wearable-technology/?page=2&sc=Eeog&searchredirect=Wearable+Technology"
"","","VR Box II (VER 2.0) 3D Virtual Reality Glasses Headset Gear","https://www.lazada.com.my/vr-box-ii-ver-20-3d-virtual-reality-glasses-headset-gear-9207218.html?ff=1&sc=Eeog","",""
"","","Original Sport Watch Full Screen Smart Watch V8 For Android Match
Smartphone Support TF SIM Card Bluetooth Smartwatch PK GT08 U8","https://www.lazada.com.my/bluetooth-smart-wrist-watch-sim-phone-mate-for-ios-androidsmartphone-black-49084438.html?ff=1&sc=Eeog","1","https://www.lazada.com.my/wearable-technology/?sc=Eeog&searchredirect=Wearable+Technology"
"","","M2 Wristband Heart Rate Monitor Smart Watch Sports Reminder Smart Bracelet For IOS And Android","https://www.lazada.com.my/m2-wristband-heart-rate-monitor-smart-watch-sports-reminder-smart-bracelet-for-ios-and-android-29026779.html?ff=1&sc=Eeog","4","https://www.lazada.com.my/wearable-technology/?page=4&sc=Eeog&searchredirect=Wearable+Technology"
"","","MAXGear H3 Plus Heart Rate Pedometer Fitness Tracker Smartband Wristband Smart Watch-Purple","https://www.lazada.com.my/maxgear-h3-plus-heart-rate-pedometer-fitness-tracker-smartband-wristband-smart-watch-purple-31574450.html?ff=1&sc=Eeog","2","https://www.lazada.com.my/wearable-technology/?page=2&sc=Eeog&searchredirect=Wearable+Technology"
"","","Watchband Replacement for Polar M200 Smart Watch with Buckle","https://www.lazada.com.my/watchband-replacement-for-polar-m200-smart-watch-with-buckle-108262081.html?ff=1&sc=Eeog","100","https://www.lazada.com.my/wearable-technology/?page=100&sc=Eeog&searchredirect=Wearable+Technology"
"","","Original XIAOMI Mi Band 2 (OLED) Heart Beat Touch Miband V2 Wristband Smartwatch (Black)","https://www.lazada.com.my/original-xiaomi-mi-band-2-oled-heart-beat-touch-miband-v2-wristband-smartwatch-black-22759008.html?ff=1&sc=Eeog","2","https://www.lazada.com.my/wearable-technology/?page=2&sc=Eeog&searchredirect=Wearable+Technology"
"","","JvGood Bluetooth Smart Watch Touch Screen SmartWatch Wrist Watch Support SIM TF Card with Camera for IOS and Android Smartphones(Black)","https://www.lazada.com.my/jvgood-bluetooth-smart-watch-touch-screen-smartwatch-wrist-watch-support-sim-tf-card-with-camera-for-ios-and-android-smartphonesblack-85264536.html?ff=1&sc=Eeog","",""
"","","Stainless Steel Protective Case Holder and Silicone Band Strap for
Xiaomi Mi Band 2","https://www.lazada.com.my/stainless-steel-protective-case-holder-and-silicone-band-strap-forxiaomi-mi-band-2-17562156.html?ff=1&sc=Eeog","5","https://www.lazada.com.my/wearable-technology/?page=5&sc=Eeog&searchredirect=Wearable+Technology"
"","","Quick Install Band Silicone Strap Bracelet for Garmin Fenix 5/Approach S60 Watch","https://www.lazada.com.my/quick-install-band-silicone-strap-bracelet-for-garmin-fenix-5approach-s60-watch-98818090.html?ff=1&sc=Eeog","100","https://www.lazada.com.my/wearable-technology/?page=100&sc=Eeog&searchredirect=Wearable+Technology"
"","","Mi Band 2 OLED Display Touchpad 4.0 Smartband(Black)","https://www.lazada.com.my/mi-band-2-oled-display-touchpad-40-smartbandblack-98834389.html?ff=1&sc=Eeog","",""
"","","Xiaomi Mi Band 2 Smart Bluetooth Wristband (Black)","https://www.lazada.com.my/xiaomi-mi-band-2-smart-bluetooth-wristband-black-11045115.html?ff=1&sc=Eeog","1","https://www.lazada.com.my/wearable-technology/?sc=Eeog&searchredirect=Wearable+Technology"
"","","F1 Wristband Heart Rate Monitor Smart Watch Blood Pressure Blood
Oxygen Tracker Sports Reminder Smart Bracelet For IOS And Android","https://www.lazada.com.my/f1-wristband-heart-rate-monitor-smart-watch-blood-pressure-bloodoxygen-tracker-sports-reminder-smart-bracelet-for-ios-and-android-25118625.html?ff=1&sc=Eeog","5","https://www.lazada.com.my/wearable-technology/?page=5&sc=Eeog&searchredirect=Wearable+Technology"
"","","EsoGoal Bluetooth Digital Smart Watch Mobile Phone smartwatch Camera GSM SIM Card Wrist Touch Screen Watch for iPhone IOS Samsung Android Smartphones (Black)","https://www.lazada.com.my/esogoal-bluetooth-digital-smart-watch-mobile-phone-smartwatch-camera-gsm-sim-card-wrist-touch-screen-watch-for-iphone-ios-samsung-android-smartphones-black-56149952.html?ff=1&sc=Eeog","1","https://www.lazada.com.my/wearable-technology/?sc=Eeog&searchredirect=Wearable+Technology"
"","","Replacement Leather Watch Bracelet Strap Band For Xiaomi Huami
Amazfit A1602 CO","https://www.lazada.com.my/replacement-leather-watch-bracelet-strap-band-for-xiaomi-huamiamazfit-a1602-co-55287792.html?ff=1&sc=Eeog","3","https://www.lazada.com.my/wearable-technology/?page=3&sc=Eeog&searchredirect=Wearable+Technology"
"","","M2 Wristband Heart Rate Monitor Smart Watch Sports Reminder Smart Bracelet For iOS And Android","https://www.lazada.com.my/m2-wristband-heart-rate-monitor-smart-watch-sports-reminder-smart-bracelet-for-ios-and-android-28256487.html?ff=1&sc=Eeog","4","https://www.lazada.com.my/wearable-technology/?page=4&sc=Eeog&searchredirect=Wearable+Technology"
"","","Xiaomi Huami AMAZFIT Pace Bluetooth 4.0 Sports Smart Watch -
ENGLISH VERSION BLACK","https://www.lazada.com.my/xiaomi-huami-amazfit-pace-bluetooth-40-sports-smart-watch-english-version-black-18439194.html?ff=1&sc=Eeog","",""
"","","QS80 Wristband Heart Rate Monitor Blood Pressure Monitor Smart Watch Sports Reminder Smart Bracelet for IOS And Android","https://www.lazada.com.my/qs80-wristband-heart-rate-monitor-blood-pressure-monitor-smart-watch-sports-reminder-smart-bracelet-for-ios-and-android-92303749.html?ff=1&sc=Eeog","4","https://www.lazada.com.my/wearable-technology/?page=4&sc=Eeog&searchredirect=Wearable+Technology"
"","","M2 Smart bracelet Hand Band (sport bracelet smart wristband)heart
rate monitor blue tooth watch water proof for android IOS (Black)","https://www.lazada.com.my/m2-smart-bracelet-hand-band-sport-bracelet-smart-wristbandheartrate-monitor-blue-tooth-watch-water-proof-for-android-ios-black-22201103.html?ff=1&sc=Eeog","",""
"","","GT08 SmartWatch Wearables Smart Watch with Hands-Free Call / Camera / Bluetooth Wireless Connect for Android & iOS Device","https://www.lazada.com.my/gt08-smartwatch-wearables-smart-watch-with-hands-free-call-camera-bluetooth-wireless-connect-for-android-amp-ios-device-13506371.html?ff=1&sc=Eeog","4","https://www.lazada.com.my/wearable-technology/?page=4&sc=Eeog&searchredirect=Wearable+Technology"
"","","iBelieve Dual Charging USB Charger for PS3 Controller","https://www.lazada.com.my/ibelieve-dual-charging-usb-charger-for-ps3-controller-73277374.html?ff=1&sc=Eeog","100","https://www.lazada.com.my/wearable-technology/?page=100&sc=Eeog&searchredirect=Wearable+Technology"
"","","Fitbit Charge 2 Heart Rate Fitness Wristband Small - Black (FB407SBKS)","https://www.lazada.com.my/fitbit-charge-2-heart-rate-fitness-wristband-small-black-fb407sbks-18934053.html?ff=1&sc=Eeog","2","https://www.lazada.com.my/wearable-technology/?page=2&sc=Eeog&searchredirect=Wearable+Technology"
"","","Betreasure X2 Bluetooth Smart Wristband Heart Rate Bracelet Blood Oxygen Blood Pressure Monitor Smart Bracelet Sport Pedometer IP68 Waterproof Smart Band","https://www.lazada.com.my/betreasure-x2-bluetooth-smart-wristband-heart-rate-bracelet-blood-oxygen-blood-pressure-monitor-smart-bracelet-sport-pedometer-ip68-waterproof-smart-band-63236654.html?ff=1&sc=Eeog","4","https://www.lazada.com.my/wearable-technology/?page=4&sc=Eeog&searchredirect=Wearable+Technology"
"","","JvGood Bluetooth Smart Watch Touch Screen SmartWatch Wrist Watch Support SIM TF Card with Camera for IOS and Android Smartphones(Silver Black)","https://www.lazada.com.my/jvgood-bluetooth-smart-watch-touch-screen-smartwatch-wrist-watch-support-sim-tf-card-with-camera-for-ios-and-android-smartphonessilver-black-85244744.html?ff=1&sc=Eeog","2","https://www.lazada.com.my/wearable-technology/?page=2&sc=Eeog&searchredirect=Wearable+Technology"
"","","Xiaomi Huami AMAZFIT Pace Bluetooth 4.0 Sports Smart Watch -
ENGLISH VERSION RED","https://www.lazada.com.my/xiaomi-huami-amazfit-pace-bluetooth-40-sports-smart-watch-english-version-red-18439294.html?ff=1&sc=Eeog","2","https://www.lazada.com.my/wearable-technology/?page=2&sc=Eeog&searchredirect=Wearable+Technology"
"","","M1 Wristband Heart Rate Monitor Smart Watch Water Proof Sports
Reminder Smart Band Fitness Tracker Bracelet","https://www.lazada.com.my/m1-wristband-heart-rate-monitor-smart-watch-water-proof-sportsreminder-smart-band-fitness-tracker-bracelet-30600867.html?ff=1&sc=Eeog","5","https://www.lazada.com.my/wearable-technology/?page=5&sc=Eeog&searchredirect=Wearable+Technology"
"","","ViVue XR05 Bluetooth Smart Watch (Silver) with Fitness Tracker,
Support iOS and Android","https://www.lazada.com.my/vivue-xr05-bluetooth-smart-watch-silver-with-fitness-trackersupport-ios-and-android-24851087.html?ff=1&sc=Eeog","5","https://www.lazada.com.my/wearable-technology/?page=5&sc=Eeog&searchredirect=Wearable+Technology"
"","","Smart Watch A1 for IOS Android Xiaomi Phone PK DZ09 GT08 U8 SmartWatch With Bluetooth Pedometer Electronic Watch","https://www.lazada.com.my/smart-watch-a1-for-ios-android-xiaomi-phone-pk-dz09-gt08-u8-smartwatch-with-bluetooth-pedometer-electronic-watch-49116720.html?ff=1&sc=Eeog","100","https://www.lazada.com.my/wearable-technology/?page=100&sc=Eeog&searchredirect=Wearable+Technology"
"","","iFlashDeal Heart Rate Watch With Step Calorie Tracker And Sleep Monitor For Sports Gym Running Workout","https://www.lazada.com.my/iflashdeal-heart-rate-watch-with-step-calorie-tracker-and-sleep-monitor-for-sports-gym-running-workout-102067386.html?ff=1&sc=Eeog","",""
"","","VR Box II (VER 2.0) 3D Virtual Reality Glasses Headset Gear","https://www.lazada.com.my/vr-box-ii-ver-20-3d-virtual-reality-glasses-headset-gear-9207218.html?ff=1&sc=Eeog","1","https://www.lazada.com.my/wearable-technology/?sc=Eeog&searchredirect=Wearable+Technology"
"","","MAXGear I5 Plus Waterproof IP65 Bluetooth 4.0 Health Sport Fitness Smart Watch Wristband Android IOS - Red","https://www.lazada.com.my/maxgear-i5-plus-waterproof-ip65-bluetooth-40-health-sport-fitness-smart-watch-wristband-android-ios-red-12305883.html?ff=1&sc=Eeog","4","https://www.lazada.com.my/wearable-technology/?page=4&sc=Eeog&searchredirect=Wearable+Technology"
"","","apple watch Series 2 Band,Venter® for Nike Soft Silicone
Replacement Sport Strap iWatch Band for Apple Watch 42mm All Model
Series 1 and Series 2","https://www.lazada.com.my/apple-watch-series-2-bandventer-for-nike-soft-siliconereplacement-sport-strap-iwatch-band-for-apple-watch-42mm-all-modelseries-1-and-series-2-16011980.html?ff=1&sc=Eeog","100","https://www.lazada.com.my/wearable-technology/?page=100&sc=Eeog&searchredirect=Wearable+Technology"
"","","F1 0.66-inch Bluetooth 4.0 Fitness Tracker Smart Bracelet with
Heart Rate Monitor for IOS Android - Black","https://www.lazada.com.my/f1-066-inch-bluetooth-40-fitness-tracker-smart-bracelet-withheart-rate-monitor-for-ios-android-black-52807699.html?ff=1&sc=Eeog","4","https://www.lazada.com.my/wearable-technology/?page=4&sc=Eeog&searchredirect=Wearable+Technology"
"","","Mi Band 2 OLED Display Touchpad 4.0 Smartband(Black)","https://www.lazada.com.my/mi-band-2-oled-display-touchpad-40-smartbandblack-98834945.html?ff=1&sc=Eeog","",""
"","","Smart Watch GT08 Clock Sync Notifier Support Sim Card Bluetooth
Connectivity iphone Android Phone Smartwatch Watch","https://www.lazada.com.my/smart-watch-gt08-clock-sync-notifier-support-sim-card-bluetoothconnectivity-iphone-android-phone-smartwatch-watch-16025387.html?ff=1&sc=Eeog","4","https://www.lazada.com.my/wearable-technology/?page=4&sc=Eeog&searchredirect=Wearable+Technology"
"","","GT08 100% Original SmartWatch - New 2.0 Version (Gold)","https://www.lazada.com.my/gt08-100-original-smartwatch-new-20-version-gold-13504318.html?ff=1&sc=Eeog","5","https://www.lazada.com.my/wearable-technology/?page=5&sc=Eeog&searchredirect=Wearable+Technology"
"","","Original Sport Watch Full Screen Smart Watch V8 For Android Match
Smartphone Support TF SIM Card Bluetooth Smartwatch PK GT08 U8","https://www.lazada.com.my/bluetooth-smart-wrist-watch-sim-phone-mate-for-ios-androidsmartphone-black-49084438.html?ff=1&sc=Eeog","",""
"","","Fitbit Charge 2 Heart Rate Fitness Wristband Large - Black (FB407SBKL)","https://www.lazada.com.my/fitbit-charge-2-heart-rate-fitness-wristband-large-black-fb407sbkl-18934060.html?ff=1&sc=Eeog","",""
"","","H1 Smart Watch MTK6572 IP68 Waterproof GPS Wifi 3G Heart Rate 4GB +512 MB Smart Watch for Android IOS Camera 500 - Glod","https://www.lazada.com.my/h1-smart-watch-mtk6572-ip68-waterproof-gps-wifi-3g-heart-rate-4gb-512-mb-smart-watch-for-android-ios-camera-500-glod-108900829.html?ff=1&sc=Eeog","100","https://www.lazada.com.my/wearable-technology/?page=100&sc=Eeog&searchredirect=Wearable+Technology"
"","","GT08 SmartWatch Wearables Smart Watch with Hands-Free Call / Camera / Bluetooth Wireless Connect for Android & iOS Device","https://www.lazada.com.my/gt08-smartwatch-wearables-smart-watch-with-hands-free-call-camera-bluetooth-wireless-connect-for-android-amp-ios-device-22756407.html?ff=1&sc=Eeog","3","https://www.lazada.com.my/wearable-technology/?page=3&sc=Eeog&searchredirect=Wearable+Technology"
"","","Fitbit Alta/HR strap buckle Alta replaces wristband twill silicone
strap","https://www.lazada.com.my/fitbit-altahr-strap-buckle-alta-replaces-wristband-twill-siliconestrap-78383071.html?ff=1&sc=Eeog","100","https://www.lazada.com.my/wearable-technology/?page=100&sc=Eeog&searchredirect=Wearable+Technology"
"","","Mi Band 2 OLED Display Touchpad 4.0 Smartband(Black)","https://www.lazada.com.my/mi-band-2-oled-display-touchpad-40-smartbandblack-98834945.html?ff=1&sc=Eeog","1","https://www.lazada.com.my/wearable-technology/?sc=Eeog&searchredirect=Wearable+Technology"
"","","BOBOVR Z4 3D Immersive VR Virtual Reality Headset 120FOV 3D Movie Video Game Private Theater","https://www.lazada.com.my/bobovr-z4-3d-immersive-vr-virtual-reality-headset-120fov-3d-movie-video-game-private-theater-17921820.html?ff=1&sc=Eeog","5","https://www.lazada.com.my/wearable-technology/?page=5&sc=Eeog&searchredirect=Wearable+Technology"
"","","Archgon GL-B122-BL Anti-Blue Light Glasses","https://www.lazada.com.my/archgon-gl-b122-bl-anti-blue-light-glasses-11439771.html?ff=1&sc=Eeog","5","https://www.lazada.com.my/wearable-technology/?page=5&sc=Eeog&searchredirect=Wearable+Technology"
"","","Smart Bluetooth A1 Smart Watch with Sport Pedometer Camera SIM micro SD Memory Connectivity with iPhone Android Phone MG0053 (Black/Black)","https://www.lazada.com.my/smart-bluetooth-a1-smart-watch-with-sport-pedometer-camera-sim-micro-sd-memory-connectivity-with-iphone-android-phone-mg0053-90854486.html?ff=1&sc=Eeog","2","https://www.lazada.com.my/wearable-technology/?page=2&sc=Eeog&searchredirect=Wearable+Technology"
"","","M2 Heart Rate Monitor OLED Touch Screen Activity Tracker Bluetooth Smartband (Black)","https://www.lazada.com.my/m2-heart-rate-monitor-oled-touch-screen-activity-tracker-bluetooth-smartband-black-24978373.html?ff=1&sc=Eeog","",""
"","","Fitbit Alta HR Heart Rate + Activity Tracker, Large 6.7"" - 8.1"" – Fuchsia","https://www.lazada.com.my/fitbit-alta-hr-heart-rate-activity-tracker-large-6734-8134-fuchsia-101907741.html?ff=1&sc=Eeog","100","https://www.lazada.com.my/wearable-technology/?page=100&sc=Eeog&searchredirect=Wearable+Technology"
"","","Mi Band 2 (1 Year Official Warranty)","https://www.lazada.com.my/mi-band-2-1-year-official-warranty-16320193.html?ff=1&sc=Eeog","1","https://www.lazada.com.my/wearable-technology/?sc=Eeog&searchredirect=Wearable+Technology"
"","","Smart QS80 Sport Smart Wristband Heart Rate Monitor Relogio Cardiaco Watches Blood Pressure Fitness Tracker Smart Watch for Android iOS SM0128 (Black)","https://www.lazada.com.my/smart-qs80-sport-smart-wristband-heart-rate-monitor-relogio-cardiaco-watches-blood-pressure-fitness-tracker-smart-watch-for-android-ios-sm0128-black-101244019.html?ff=1&sc=Eeog","3","https://www.lazada.com.my/wearable-technology/?page=3&sc=Eeog&searchredirect=Wearable+Technology"
"","","S2 Smart Band Wristband Bracelet Heart Rate Pedometer Sleep Fitness Tracker Bluetooth 4.0 IP67 Waterproof Smartband","https://www.lazada.com.my/s2-smart-band-wristband-bracelet-heart-rate-pedometer-sleep-fitness-tracker-bluetooth-40-ip67-waterproof-smartband-22588825.html?ff=1&sc=Eeog","4","https://www.lazada.com.my/wearable-technology/?page=4&sc=Eeog&searchredirect=Wearable+Technology"
"","","Mi Band 2 Features Heart Rate Display Clock Bluetooth 4.0 BLE Smart Wristband(BLACK)","https://www.lazada.com.my/mi-band-2-features-heart-rate-display-clock-bluetooth-40-ble-smart-wristbandblack-72074336.html?ff=1&sc=Eeog","5","https://www.lazada.com.my/wearable-technology/?page=5&sc=Eeog&searchredirect=Wearable+Technology"
"","","Silicagel Quick Install Replacement 22MM Band Strap Smart Watch
Strap Quickfit Strap For Garmin Fenix 5 GPS Watch","https://www.lazada.com.my/silicagel-quick-install-replacement-22mm-band-strap-smart-watchstrap-quickfit-strap-for-garmin-fenix-5-gps-watch-68411655.html?ff=1&sc=Eeog","100","https://www.lazada.com.my/wearable-technology/?page=100&sc=Eeog&searchredirect=Wearable+Technology"
"","","Elephone MGCOOL Band 2 Smart Bluetooth Smartband Wristband (Black)","https://www.lazada.com.my/elephone-mgcool-band-2-smart-bluetooth-smartband-wristband-black-54936885.html?ff=1&sc=Eeog","1","https://www.lazada.com.my/wearable-technology/?sc=Eeog&searchredirect=Wearable+Technology"
"","","Fashionable Retro Elegant Strap For Women Precise Time Map Of Rome Watch","https://www.lazada.com.my/fashionable-retro-elegant-strap-for-women-precise-time-map-of-rome-watch-95541075.html?ff=1&sc=Eeog","100","https://www.lazada.com.my/wearable-technology/?page=100&sc=Eeog&searchredirect=Wearable+Technology"
"","","Huawei Honor A2 Heart Rate Monitor Bluetooth Fitness Tracker Smart Band (Black)","https://www.lazada.com.my/huawei-honor-a2-heart-rate-monitor-bluetooth-fitness-tracker-smart-band-black-97615547.html?ff=1&sc=Eeog","",""
"","","Original Mijobs Replace Strap for Xiaomi Mi Band 2 Version MiBand 2
Silicone Wristbands for Mi Band 2 Smart Bracelet for Xiao Mi Band 2
– Black","https://www.lazada.com.my/original-mijobs-replace-strap-for-xiaomi-mi-band-2-version-miband-2silicone-wristbands-for-mi-band-2-smart-bracelet-for-xiao-mi-band-2-black-17756172.html?ff=1&sc=Eeog","3","https://www.lazada.com.my/wearable-technology/?page=3&sc=Eeog&searchredirect=Wearable+Technology"
"","","Smart Wireless VR Box Remote Controller Bluetooth 3.0 Gamepad Controller of Music Game Selfie Shutter Video for IOS Android Phone Joystick Game Pad PC SM0103 (White)","https://www.lazada.com.my/smartwireless-vr-box-remote-controller-bluetooth-30-gamepad-controller-of-music-game-selfie-shutter-video-for-ios-android-phone-joystick-game-pad-pcsm0103-white-62242269.html?ff=1&sc=Eeog","5","https://www.lazada.com.my/wearable-technology/?page=5&sc=Eeog&searchredirect=Wearable+Technology"
"","","Black USB Charging Cable Charger Cord For xiaomi mi band 2 /mi band
2 Smart Watch","https://www.lazada.com.my/black-usb-charging-cable-charger-cord-for-xiaomi-mi-band-2-mi-band2-smart-watch-75841923.html?ff=1&sc=Eeog","5","https://www.lazada.com.my/wearable-technology/?page=5&sc=Eeog&searchredirect=Wearable+Technology"
"","","Betreasure X2 Bluetooth Smart Wristband Heart Rate Bracelet Blood Oxygen Blood Pressure Monitor Smart Bracelet Sport Pedometer IP68 Waterproof Smart Band","https://www.lazada.com.my/betreasure-x2-bluetooth-smart-wristband-heart-rate-bracelet-blood-oxygen-blood-pressure-monitor-smart-bracelet-sport-pedometer-ip68-waterproof-smart-band-63236660.html?ff=1&sc=Eeog","4","https://www.lazada.com.my/wearable-technology/?page=4&sc=Eeog&searchredirect=Wearable+Technology"
"","","M2 Heart Rate Monitor OLED Touch Screen Activity Tracker Bluetooth Smartband (Black)","https://www.lazada.com.my/m2-heart-rate-monitor-oled-touch-screen-activity-tracker-bluetooth-smartband-black-24978373.html?ff=1&sc=Eeog","1","https://www.lazada.com.my/wearable-technology/?sc=Eeog&searchredirect=Wearable+Technology"
"","","CK11S Intelligent Blood Pressure Blood Oxygen Monitor And Heart Rate Sport Smart Watch Bluetooth Watch Bracelet For IOS And Android","https://www.lazada.com.my/ck11s-intelligent-blood-pressure-blood-oxygen-monitor-and-heart-rate-sport-smart-watch-bluetooth-watch-bracelet-for-ios-and-android-26524159.html?ff=1&sc=Eeog","3","https://www.lazada.com.my/wearable-technology/?page=3&sc=Eeog&searchredirect=Wearable+Technology"
"","","Waterproof Smart Watch M26 Woman Men Bluetooth Smartwatch For
Android IOS Smartphone(Black)","https://www.lazada.com.my/waterproof-smart-watch-m26-woman-men-bluetooth-smartwatch-forandroid-ios-smartphoneblack-12120067.html?ff=1&sc=Eeog","2","https://www.lazada.com.my/wearable-technology/?page=2&sc=Eeog&searchredirect=Wearable+Technology"
"","","Smart Tracker Watch M2s Band IP67 Waterproof OLED Touch Screen Fitness Tracker Wristband with Heart Rate Monitor Smart Pedometer Sleep Monitor Bracelet Suitable for all Android and iOS Phone","https://www.lazada.com.my/smart-tracker-watch-m2s-band-ip67-waterproof-oled-touch-screen-fitness-tracker-wristband-with-heart-rate-monitor-smart-pedometer-sleep-monitor-bracelet-suitable-for-all-android-and-ios-phone-28529563.html?ff=1&sc=Eeog","1","https://www.lazada.com.my/wearable-technology/?sc=Eeog&searchredirect=Wearable+Technology"
"","","iFlashDeal Heart Rate Watch With Step Calorie Tracker And Sleep Monitor For Sports Gym Running Workout","https://www.lazada.com.my/iflashdeal-heart-rate-watch-with-step-calorie-tracker-and-sleep-monitor-for-sports-gym-running-workout-102067386.html?ff=1&sc=Eeog","1","https://www.lazada.com.my/wearable-technology/?sc=Eeog&searchredirect=Wearable+Technology"
"","","C1S Wristband Heart Rate Blood Pressure Monitor Smart Watch Water
Proof Fitness Tracker For Android And IOS Phone","https://www.lazada.com.my/c1s-wristband-heart-rate-blood-pressure-monitor-smart-watch-waterproof-fitness-tracker-for-android-and-ios-phone-81542707.html?ff=1&sc=Eeog","3","https://www.lazada.com.my/wearable-technology/?page=3&sc=Eeog&searchredirect=Wearable+Technology"
"","","Mini Professional 3 in 1 Water Quality Tester Multi-parameter
Monitor pH & TDS","https://www.lazada.com.my/mini-professional-3-in-1-water-quality-tester-multi-parametermonitor-ph-amp-tds-24684721.html?ff=1&sc=Eeog","3","https://www.lazada.com.my/wearable-technology/?page=3&sc=Eeog&searchredirect=Wearable+Technology"
"","","DZ09 Smart Watch Bluetooth Touch Screen for Android and iOS+8GB
Memory Card+Free Gift","https://www.lazada.com.my/dz09-smart-watch-bluetooth-touch-screen-for-android-and-ios8gbmemory-cardfree-gift-16176538.html?ff=1&sc=Eeog","3","https://www.lazada.com.my/wearable-technology/?page=3&sc=Eeog&searchredirect=Wearable+Technology"
